"","anger","anticipation","disgust","fear","joy","sadness","surprise","trust","negative","positive"
"1",0,0,0,0,0,0,0,0,0,0
"2",0,0,0,0,0,0,0,1,0,1
"3",1,1,1,1,2,0,0,1,3,4
"4",0,1,0,0,1,0,1,1,0,1
"5",0,0,0,0,0,1,0,1,1,0
"6",0,1,0,0,1,0,0,0,1,1
"7",0,0,0,0,0,0,0,4,0,1
"8",0,2,0,1,1,0,0,2,2,3
"9",0,0,0,0,0,0,0,0,0,0
"10",1,1,0,0,0,0,0,1,1,0
"11",0,0,0,0,0,0,0,3,0,4
"12",0,0,0,0,0,0,0,0,0,1
"13",0,1,0,0,0,0,0,0,1,0
"14",0,0,0,0,0,0,0,0,1,2
"15",2,1,0,1,0,1,0,0,2,3
"16",1,0,0,0,0,0,0,0,2,1
"17",0,0,0,0,0,0,0,0,0,1
"18",0,0,0,0,0,0,0,0,0,0
"19",1,2,1,1,1,1,0,1,1,1
"20",1,2,0,1,0,2,0,2,2,4
"21",0,0,1,0,0,0,0,2,1,1
"22",0,0,1,0,0,0,0,0,0,0
"23",0,1,1,0,1,1,1,1,2,1
"24",1,0,0,0,0,1,0,1,1,1
"25",0,0,0,0,0,0,0,0,0,0
"26",0,1,0,0,1,0,0,1,1,2
"27",0,3,0,0,2,0,2,2,0,3
"28",0,1,0,0,0,0,0,1,0,1
"29",0,0,0,0,0,0,0,0,0,1
"30",0,1,0,0,0,0,0,1,0,0
"31",1,1,1,2,1,2,1,1,2,2
"32",1,1,1,1,1,1,1,1,1,1
"33",4,1,3,5,0,4,0,1,7,2
"34",0,0,0,0,0,0,0,0,0,0
"35",0,0,0,0,1,0,0,1,1,1
"36",0,0,0,0,0,0,0,0,0,0
"37",0,0,0,0,0,0,0,1,0,0
"38",0,0,0,0,0,0,0,0,0,0
"39",2,3,2,3,4,3,2,6,3,6
"40",0,0,0,0,0,0,0,1,0,1
"41",0,0,0,0,0,0,0,1,1,1
"42",0,0,0,0,0,0,0,0,0,1
"43",1,1,1,1,1,1,0,1,1,1
"44",0,1,0,0,1,0,1,1,0,1
"45",0,1,0,0,1,0,0,2,0,5
"46",0,0,0,0,0,0,0,0,0,0
"47",0,4,0,1,4,1,3,3,1,8
"48",0,3,2,1,3,1,2,2,1,3
"49",1,0,0,0,0,0,0,1,1,0
"50",0,0,0,0,0,0,0,0,0,0
"51",0,0,0,0,0,0,0,0,0,0
"52",1,1,0,2,1,1,0,3,2,3
"53",0,1,0,1,1,0,0,1,0,1
"54",0,1,0,0,0,0,0,1,0,1
"55",0,2,0,0,0,0,0,0,0,0
"56",0,1,0,0,0,0,1,1,0,1
"57",0,1,0,0,0,0,0,0,0,0
"58",0,0,0,0,0,1,0,0,0,0
"59",1,0,0,1,0,1,0,2,2,1
"60",0,0,0,0,0,0,0,0,0,0
"61",0,1,0,0,1,1,0,1,1,1
"62",0,1,0,0,1,0,1,2,0,3
"63",0,0,0,0,0,0,0,0,0,0
"64",0,0,0,1,0,1,0,0,1,0
"65",1,3,0,0,2,1,2,3,1,2
"66",0,1,1,0,0,0,0,0,1,0
"67",0,0,0,0,0,0,0,0,0,0
"68",0,1,0,0,0,0,0,0,0,0
"69",0,1,0,1,0,0,0,1,1,1
"70",1,0,1,1,0,0,0,0,2,1
"71",0,1,0,0,2,0,0,1,0,2
"72",0,1,0,0,0,0,0,1,0,1
"73",0,0,0,0,0,0,0,0,0,0
"74",0,0,0,1,0,0,0,0,0,1
"75",0,0,0,0,0,0,0,0,0,1
"76",0,1,0,0,1,0,0,0,1,1
"77",0,0,0,0,0,0,0,1,0,3
"78",0,0,0,0,0,0,0,0,0,0
"79",1,2,0,1,2,2,1,4,3,3
"80",1,0,1,1,0,1,0,0,1,0
"81",0,1,0,0,0,0,0,1,0,2
"82",0,0,0,0,0,0,0,0,0,0
"83",0,0,0,0,0,0,0,0,0,1
"84",1,0,0,1,0,1,0,1,1,1
"85",0,2,0,0,0,0,0,0,0,1
"86",0,0,0,0,0,0,0,0,0,1
"87",1,0,1,1,1,0,0,0,1,1
"88",1,1,1,0,1,0,1,3,0,1
"89",0,1,0,0,0,0,0,1,0,0
"90",2,0,0,0,0,0,0,1,3,2
"91",0,0,0,0,1,0,0,2,2,2
"92",0,0,0,0,0,0,0,0,1,0
"93",0,0,0,1,0,0,0,1,0,1
"94",3,2,0,2,0,2,0,3,4,3
"95",0,1,0,0,0,0,0,0,0,0
"96",0,0,0,0,0,0,0,1,0,2
"97",0,1,0,0,0,0,0,0,1,1
"98",7,2,4,6,1,1,2,3,7,4
"99",0,0,0,0,0,0,0,2,0,2
"100",0,1,0,0,0,0,0,1,0,2
"101",0,1,0,0,0,0,0,1,0,1
"102",0,1,0,0,0,0,0,0,0,0
"103",0,1,0,1,1,1,0,1,1,3
"104",0,0,0,0,0,1,0,0,1,0
"105",1,0,1,1,0,2,0,1,1,3
"106",0,1,0,0,1,0,0,1,0,1
"107",0,1,0,0,0,0,0,0,0,1
"108",0,0,0,0,0,0,0,0,1,1
"109",0,0,0,0,0,0,0,3,0,3
"110",0,1,1,0,0,0,0,0,1,0
"111",0,0,0,0,0,0,0,0,1,0
"112",0,0,0,0,0,0,0,0,0,0
"113",1,4,3,2,4,0,2,6,4,5
"114",0,1,0,0,0,0,0,0,0,1
"115",0,1,0,0,0,0,0,0,0,0
"116",0,0,0,0,0,0,0,0,0,1
"117",0,0,0,0,0,0,0,0,0,1
"118",1,1,1,1,1,2,1,1,1,2
"119",1,1,0,0,2,1,1,4,1,3
"120",0,2,0,0,0,0,0,1,0,3
"121",2,1,0,1,2,2,1,2,2,6
"122",0,1,0,1,1,0,0,1,0,3
"123",1,0,0,1,0,1,0,1,1,1
"124",0,1,0,0,1,0,0,2,1,3
"125",0,0,0,0,0,0,0,0,1,0
"126",3,0,0,3,0,2,0,2,3,1
"127",0,1,0,1,1,0,0,1,0,1
"128",0,0,0,0,0,1,0,1,1,2
"129",0,0,0,0,0,0,0,0,0,0
"130",0,0,2,0,0,1,0,1,1,0
"131",0,3,0,0,0,0,0,3,1,4
"132",0,1,0,0,0,0,0,0,0,1
"133",0,1,0,0,0,0,0,0,0,0
"134",0,0,0,0,0,0,0,0,0,0
"135",0,0,1,0,0,0,2,1,3,0
"136",0,0,0,0,0,0,0,0,0,0
"137",1,1,1,2,0,2,0,1,3,1
"138",1,0,1,1,0,0,0,0,2,3
"139",1,0,0,1,0,0,0,0,3,1
"140",0,0,0,0,0,0,0,1,0,1
"141",0,1,0,0,0,0,0,0,0,1
"142",1,1,1,2,1,3,1,2,2,2
"143",0,1,0,1,0,1,0,0,1,1
"144",0,2,0,0,1,0,0,1,0,2
"145",0,0,0,1,0,1,0,1,1,3
"146",0,0,0,1,0,1,0,0,1,0
"147",0,0,0,0,0,0,0,0,0,1
"148",0,0,0,0,1,0,0,0,0,1
"149",0,0,0,0,0,0,1,2,0,0
"150",0,0,0,0,0,0,0,0,0,0
"151",0,0,0,0,0,0,0,0,0,0
"152",0,1,0,0,0,0,0,4,0,2
"153",0,0,0,0,0,0,0,0,0,0
"154",0,0,0,0,0,0,0,0,0,0
"155",1,0,0,0,0,0,0,0,1,0
"156",0,0,0,0,0,0,0,0,0,1
"157",0,0,0,0,0,0,0,0,1,0
"158",0,0,0,0,0,0,0,1,0,0
"159",0,0,0,0,0,0,0,0,0,0
"160",2,2,1,1,2,1,1,3,3,4
"161",0,0,0,0,0,0,0,1,0,0
"162",1,0,0,1,0,1,0,0,1,1
"163",0,1,0,0,1,0,1,1,0,1
"164",0,0,0,0,0,0,0,2,0,1
"165",0,1,0,0,0,0,0,0,1,0
"166",0,0,1,1,0,1,0,0,1,1
"167",0,0,0,0,0,0,0,1,0,1
"168",0,0,1,0,0,0,0,1,1,1
"169",0,2,1,1,1,1,0,1,3,1
"170",0,1,0,0,1,0,1,1,0,1
"171",0,1,0,0,1,0,1,1,1,1
"172",2,0,1,3,0,2,0,1,4,2
"173",0,0,0,0,0,0,0,0,0,0
"174",0,1,2,1,0,1,0,0,1,1
"175",1,1,0,0,1,2,1,1,2,2
"176",0,0,0,0,0,0,0,0,0,0
"177",1,0,0,1,0,0,0,0,0,1
"178",0,1,0,0,0,0,0,2,0,4
"179",0,0,0,0,0,0,0,0,0,0
"180",0,0,0,0,0,0,0,0,0,0
"181",0,0,0,0,0,0,0,1,0,3
"182",1,1,1,2,2,2,3,2,3,2
"183",0,0,0,0,0,0,0,1,0,0
"184",0,1,0,1,1,0,0,1,0,2
"185",0,0,0,1,0,0,0,1,0,0
"186",0,1,0,1,0,0,0,1,2,1
"187",1,2,1,1,0,1,0,2,2,3
"188",0,2,0,0,3,0,0,5,1,4
"189",0,0,0,0,0,0,0,0,0,0
"190",1,1,0,1,0,0,0,0,2,0
"191",0,0,0,0,0,0,0,0,0,0
"192",0,1,0,0,0,1,1,1,1,1
"193",0,1,0,0,0,0,0,1,1,1
"194",0,0,0,0,0,0,0,0,0,0
"195",0,0,0,0,0,0,0,0,0,0
"196",0,0,0,1,0,0,0,0,1,2
"197",0,0,0,0,0,0,0,0,0,0
"198",0,0,0,0,0,0,0,0,0,2
"199",0,0,1,0,0,0,0,1,3,0
"200",0,0,0,0,0,0,0,0,0,0
"201",0,1,0,0,1,0,0,1,0,1
"202",0,1,0,0,0,1,0,2,1,4
"203",0,1,0,0,1,0,0,1,0,1
"204",0,0,0,0,1,0,0,1,0,2
"205",1,0,0,1,0,0,0,1,2,1
"206",0,0,0,1,0,1,0,0,1,1
"207",1,1,1,1,0,1,0,2,1,4
"208",0,0,0,0,0,0,0,1,0,2
"209",0,0,0,0,0,0,0,0,0,1
"210",0,1,0,0,1,0,1,1,0,1
"211",0,0,0,0,0,0,0,0,0,0
"212",0,3,0,1,2,0,0,2,0,3
"213",0,3,1,1,1,2,1,3,2,3
"214",0,1,0,0,0,0,0,0,0,2
"215",0,1,0,0,0,0,0,0,0,0
"216",0,4,1,2,6,0,1,7,2,8
"217",0,2,0,0,1,0,0,1,0,4
"218",0,0,0,1,0,0,1,0,1,0
"219",0,0,0,0,0,0,0,0,0,0
"220",1,1,1,1,1,0,0,1,2,2
"221",1,0,0,1,0,1,0,0,1,0
"222",0,1,0,0,0,0,0,2,0,3
"223",0,1,0,2,1,0,0,3,2,5
"224",0,0,1,1,0,2,0,0,2,0
"225",0,1,0,0,0,0,1,0,0,1
"226",2,0,1,2,0,1,0,1,2,1
"227",0,3,0,2,2,1,1,3,1,4
"228",0,0,0,1,0,1,0,0,1,0
"229",0,1,0,1,2,0,0,2,2,2
"230",0,0,0,0,0,0,0,0,1,0
"231",1,1,0,1,2,0,0,0,1,4
"232",0,1,1,1,0,0,0,2,1,2
"233",0,0,0,0,0,0,0,0,0,0
"234",0,0,0,0,2,0,0,0,0,2
"235",0,1,0,0,0,0,0,0,0,0
"236",1,0,2,0,0,1,0,0,2,0
"237",0,0,0,0,1,0,0,0,0,1
"238",2,0,0,3,0,0,0,3,3,4
"239",0,0,0,0,0,0,0,0,0,0
"240",0,0,0,0,0,0,0,0,0,0
"241",0,0,1,0,1,0,0,1,0,2
"242",0,0,0,0,0,0,0,0,0,0
"243",0,0,0,0,1,0,0,1,0,1
"244",0,0,0,0,0,0,0,0,0,1
"245",1,0,1,1,0,1,0,0,1,1
"246",0,2,0,1,2,0,1,2,2,3
"247",1,0,0,1,0,1,0,0,2,0
"248",0,0,0,0,0,0,0,0,0,0
"249",0,1,0,0,1,0,1,1,0,1
"250",0,0,0,0,0,0,0,0,0,2
"251",0,0,0,0,1,0,0,2,0,1
"252",0,0,0,0,0,0,0,0,0,0
"253",0,0,0,0,0,0,1,1,0,1
"254",3,2,0,4,0,2,0,0,4,1
"255",0,0,0,0,0,0,0,1,0,0
"256",0,0,0,0,0,0,0,0,0,1
"257",0,0,0,1,0,1,0,0,1,0
"258",0,1,0,1,1,1,1,1,0,1
"259",0,0,0,0,0,0,0,0,0,0
"260",0,0,0,0,0,0,0,1,0,1
"261",0,1,0,1,0,0,0,0,0,0
"262",0,0,0,0,0,0,0,2,1,1
"263",0,0,0,1,0,0,0,0,1,0
"264",1,0,0,0,0,0,0,0,1,1
"265",0,0,0,0,0,0,0,1,0,0
"266",0,1,0,0,0,0,0,0,0,1
"267",0,0,0,0,0,0,0,0,0,0
"268",2,0,0,1,0,1,0,0,3,0
"269",0,0,0,0,0,0,0,1,0,1
"270",0,0,0,0,0,0,0,1,0,4
"271",0,0,0,1,0,0,0,0,1,0
"272",0,0,0,0,0,0,0,2,0,2
"273",1,0,0,0,0,1,0,0,1,0
"274",0,0,0,0,0,0,0,0,0,0
"275",1,1,0,0,1,0,1,2,0,1
"276",0,1,0,0,1,0,1,1,0,2
"277",1,2,0,1,1,1,0,0,2,3
"278",1,0,0,1,0,1,0,0,2,3
"279",0,0,0,0,0,0,0,1,0,1
"280",0,3,0,0,3,1,0,4,0,3
"281",0,0,0,0,0,0,0,0,0,0
"282",1,0,0,1,0,0,0,1,1,3
"283",0,0,0,0,0,0,0,1,0,2
"284",0,1,0,1,0,1,0,1,1,7
"285",0,0,0,0,0,0,0,0,0,0
"286",0,5,0,2,1,0,1,2,2,2
"287",0,0,0,0,0,0,0,0,0,1
"288",0,0,0,0,0,0,0,0,0,0
"289",0,0,0,0,0,0,0,0,0,0
"290",0,0,0,0,0,1,0,1,0,1
"291",0,2,0,0,1,0,0,2,1,3
"292",2,0,1,2,0,2,1,0,3,0
"293",0,0,0,1,0,1,0,0,0,0
"294",0,0,0,0,0,0,0,0,0,0
"295",0,0,0,0,0,0,0,1,0,1
"296",1,1,0,0,1,0,1,4,0,1
"297",0,0,0,0,1,0,0,1,0,1
"298",1,0,0,1,0,2,1,0,3,0
"299",0,3,1,0,2,0,2,2,1,5
"300",0,0,0,0,0,0,0,1,0,1
"301",0,1,0,0,0,0,0,0,0,1
"302",1,0,1,0,0,0,0,0,1,2
"303",0,0,0,0,1,0,0,1,0,1
"304",0,0,0,0,0,3,0,0,2,0
"305",0,1,0,0,0,0,0,0,0,1
"306",1,3,1,1,2,2,1,4,2,5
"307",0,1,0,1,0,1,1,1,1,1
"308",0,0,0,1,0,1,1,0,1,0
"309",2,1,0,3,1,1,1,0,2,1
"310",1,0,0,0,0,0,0,0,1,1
"311",0,0,0,0,0,0,0,0,0,1
"312",0,0,0,0,0,0,0,1,0,0
"313",0,0,1,0,0,0,1,1,0,0
"314",0,0,0,0,0,0,0,2,0,2
"315",0,1,0,0,1,0,0,1,0,1
"316",3,1,2,2,1,1,1,4,3,4
"317",0,1,1,0,1,0,1,1,1,1
"318",0,0,0,0,0,0,0,0,0,0
"319",0,0,0,0,0,0,0,0,0,0
"320",2,0,1,2,1,1,0,0,2,1
"321",0,0,0,0,0,0,0,1,0,1
"322",0,0,0,0,0,0,0,0,0,0
"323",0,0,0,0,1,0,0,0,2,1
"324",1,0,0,1,0,0,0,0,1,1
"325",0,1,0,0,1,0,0,1,0,2
"326",0,1,0,0,1,0,1,0,0,1
"327",0,0,0,1,0,1,0,0,1,0
"328",0,1,0,0,1,0,0,0,0,4
"329",1,0,1,0,0,0,0,2,1,2
"330",0,1,0,0,1,0,0,1,0,2
"331",0,0,0,0,0,0,0,0,0,0
"332",1,0,1,0,0,1,0,1,2,2
"333",0,0,0,0,0,0,0,0,0,0
"334",0,0,0,0,0,1,0,0,2,1
"335",0,0,0,0,0,0,0,3,1,1
"336",0,1,0,1,1,1,1,1,2,2
"337",0,0,0,0,0,0,0,0,0,0
"338",1,0,0,1,1,2,0,2,3,3
"339",0,1,0,0,1,1,0,2,1,3
"340",0,0,0,0,0,0,0,0,0,0
"341",0,3,0,0,1,0,0,2,0,4
"342",1,2,0,0,1,0,0,4,1,6
"343",0,1,0,0,2,0,0,3,0,3
"344",0,0,0,0,0,0,0,1,0,0
"345",0,0,0,1,0,1,0,0,1,0
"346",0,1,0,0,0,0,0,2,0,2
"347",0,1,0,0,0,0,0,0,0,1
"348",0,0,0,0,0,0,0,3,0,2
"349",0,2,0,1,3,1,2,2,2,3
"350",2,0,2,1,0,2,1,0,3,0
"351",0,0,0,2,0,2,0,1,2,0
"352",0,0,0,1,0,0,0,1,0,0
"353",1,1,1,0,1,0,0,0,1,1
"354",1,2,0,3,1,0,1,2,2,2
"355",0,0,0,0,0,0,0,0,0,1
"356",0,0,0,0,0,0,0,0,1,1
"357",0,0,1,0,0,0,0,1,0,1
"358",2,3,1,2,2,2,1,2,3,2
"359",0,1,0,0,0,1,0,0,0,2
"360",0,2,0,0,1,0,1,2,0,3
"361",1,3,0,0,0,0,0,2,1,1
"362",2,1,0,2,1,1,1,3,2,2
"363",1,2,1,4,2,2,3,5,6,6
"364",0,0,0,1,1,0,0,1,0,1
"365",0,0,0,0,0,0,0,2,0,2
"366",0,0,0,1,0,1,0,1,1,0
"367",0,2,0,1,1,0,0,1,0,2
"368",0,2,0,0,2,2,0,2,2,5
"369",0,0,0,0,0,0,0,0,0,0
"370",0,1,0,1,0,2,0,0,2,0
"371",0,1,0,1,0,0,0,2,0,2
"372",0,0,0,0,0,0,0,1,0,2
"373",0,0,0,0,0,0,0,1,0,1
"374",0,0,0,0,0,0,0,0,0,0
"375",1,1,0,0,0,0,0,0,1,0
"376",0,2,0,0,1,1,0,0,0,4
"377",0,0,0,0,0,0,0,0,0,0
"378",0,1,0,1,0,1,0,2,1,1
"379",2,1,1,2,2,1,1,2,1,5
"380",0,2,1,3,2,1,0,3,5,3
"381",0,0,0,0,0,0,0,0,0,0
"382",0,0,0,0,0,0,0,0,0,0
"383",1,1,1,3,2,5,1,5,8,5
"384",0,0,0,0,0,0,0,1,0,1
"385",1,0,2,3,0,2,0,0,3,0
"386",0,0,0,0,0,0,0,0,0,0
"387",0,0,0,0,0,0,0,1,0,1
"388",0,0,0,0,0,0,0,0,0,0
"389",0,0,0,0,0,0,0,1,0,1
"390",0,1,0,1,0,0,1,0,2,0
"391",0,0,0,0,0,0,0,0,0,0
"392",0,0,0,0,0,0,0,0,0,0
"393",0,0,0,0,0,0,0,0,0,0
"394",0,2,0,0,1,0,0,1,0,3
"395",0,0,0,1,1,0,0,4,2,5
"396",0,1,0,0,1,0,1,1,1,2
"397",0,0,1,1,0,1,0,4,2,1
"398",0,0,0,0,0,0,0,1,2,1
"399",1,0,0,0,0,0,0,1,1,0
"400",0,0,0,0,0,0,0,0,1,0
"401",0,0,0,0,0,0,0,0,0,2
"402",0,1,0,1,0,1,0,0,1,0
"403",0,0,0,0,1,0,0,0,0,2
"404",0,0,0,0,0,0,0,0,0,0
"405",0,0,0,0,0,0,0,0,0,1
"406",1,0,0,1,0,1,0,1,1,1
"407",0,0,0,0,0,0,0,0,1,0
"408",0,2,0,0,1,0,1,0,0,3
"409",0,0,0,0,0,0,0,0,0,1
"410",0,0,0,0,0,0,0,1,0,1
"411",1,1,1,0,0,1,0,0,1,1
"412",0,1,0,0,0,0,0,0,0,0
"413",0,1,0,0,0,0,0,0,0,0
"414",0,0,0,0,0,0,0,0,0,2
"415",0,0,0,0,0,0,1,1,2,0
"416",0,0,0,0,1,0,0,1,0,1
"417",0,0,0,0,0,0,0,1,0,0
"418",1,1,0,0,1,0,0,1,1,1
"419",0,0,0,1,0,0,0,0,1,0
"420",1,1,0,0,1,1,1,2,3,1
"421",0,1,0,0,0,0,0,1,0,1
"422",0,0,0,0,0,0,0,0,0,0
"423",0,0,0,1,0,1,0,0,1,0
"424",0,2,0,0,3,0,0,3,0,3
"425",0,0,0,0,0,0,0,0,1,2
"426",0,0,0,0,0,1,0,0,1,0
"427",1,1,1,2,1,1,0,1,1,1
"428",1,2,0,1,1,1,1,2,1,2
"429",2,2,1,1,2,1,2,2,3,4
"430",2,2,3,2,2,2,2,5,3,7
"431",0,0,0,0,1,1,0,0,1,1
"432",0,0,0,0,1,0,1,1,0,3
"433",0,0,0,0,0,0,0,0,0,0
"434",1,2,2,0,4,2,2,3,2,6
"435",0,1,0,0,1,0,0,1,0,1
"436",1,0,1,1,0,0,0,0,0,2
"437",0,0,0,0,0,0,0,1,0,1
"438",0,0,0,0,0,0,0,1,0,2
"439",0,1,0,0,1,0,0,0,0,2
"440",1,0,0,1,0,1,0,1,1,2
"441",1,0,0,0,0,0,0,0,1,0
"442",0,1,0,0,1,0,0,1,0,1
"443",0,0,0,0,0,0,0,0,0,1
"444",0,1,0,0,1,0,0,1,1,1
"445",1,0,1,1,1,1,0,1,2,1
"446",0,1,0,0,1,0,0,0,0,1
"447",1,2,2,1,2,3,2,4,4,6
"448",0,1,0,1,0,0,0,2,2,1
"449",1,0,0,1,0,0,0,0,1,1
"450",0,0,0,0,0,0,2,0,0,0
"451",0,0,0,0,0,0,0,0,0,0
"452",0,0,0,0,0,0,0,0,0,0
"453",0,0,1,1,0,1,1,1,1,0
"454",0,0,0,2,0,0,0,1,2,2
"455",0,0,1,1,0,2,0,2,2,1
"456",0,0,0,0,0,0,0,0,0,0
"457",0,0,0,0,0,0,0,1,0,1
"458",1,0,0,0,0,0,0,0,1,1
"459",2,4,1,3,3,3,0,2,3,5
"460",0,0,0,0,0,0,0,0,0,0
"461",0,0,0,0,0,0,1,0,0,1
"462",0,1,0,0,0,0,0,0,0,0
"463",0,0,0,0,0,0,0,0,0,0
"464",0,1,0,0,0,0,0,1,0,2
"465",0,0,0,0,0,0,0,0,0,0
"466",0,0,0,0,0,0,0,0,0,1
"467",0,0,0,0,0,0,0,0,0,0
"468",0,0,0,0,0,0,0,2,0,2
"469",0,0,1,0,0,0,0,0,1,0
"470",0,1,0,0,0,0,0,0,0,0
"471",0,1,0,0,1,0,0,2,0,3
"472",0,0,0,0,0,0,0,0,0,0
"473",0,0,0,0,0,0,0,0,1,0
"474",0,0,0,0,1,0,0,1,0,1
"475",1,3,1,1,3,1,1,5,5,11
"476",0,2,0,0,2,1,0,2,1,4
"477",0,0,0,0,0,0,0,0,0,0
"478",0,0,0,0,0,0,0,0,0,1
"479",0,0,0,0,0,0,0,0,0,1
"480",0,0,0,0,1,1,0,2,1,3
"481",0,0,0,0,0,0,0,0,0,0
"482",0,0,0,0,0,0,0,0,0,1
"483",0,0,0,0,0,0,0,1,0,3
"484",0,1,0,1,0,0,0,2,0,2
"485",0,1,0,0,0,0,0,1,1,1
"486",0,0,0,0,0,0,0,1,1,2
"487",2,0,1,4,0,3,0,1,3,4
"488",0,0,0,0,0,0,0,0,0,1
"489",0,1,0,0,1,0,0,1,0,4
"490",0,0,0,0,0,0,0,1,0,1
"491",1,1,1,1,0,1,0,0,3,0
"492",0,0,0,0,1,0,0,2,0,1
"493",1,1,0,1,1,0,1,0,0,3
"494",0,0,0,1,1,0,0,2,0,2
"495",0,0,0,0,0,0,0,0,0,1
"496",0,0,0,0,0,0,0,1,0,3
"497",1,0,0,0,0,0,0,0,2,0
"498",0,0,1,1,0,0,0,1,1,1
"499",3,2,0,2,0,1,0,1,2,0
"500",2,1,1,1,2,1,1,3,2,2
"501",0,0,0,0,0,0,0,1,0,2
"502",1,0,0,1,0,0,0,0,1,4
"503",0,0,0,1,0,0,0,1,2,1
"504",0,0,0,0,0,0,0,0,0,2
"505",0,3,0,0,1,0,1,1,2,4
"506",0,0,0,0,0,0,0,2,0,1
"507",0,1,0,0,1,0,1,2,0,3
"508",0,0,0,0,0,1,0,1,1,2
"509",1,2,0,2,2,2,1,2,3,5
"510",0,0,0,0,0,0,0,0,0,3
"511",0,1,0,0,0,0,0,1,0,1
"512",0,0,0,0,0,0,0,0,1,0
"513",1,1,1,2,1,1,1,2,2,2
"514",0,2,0,0,0,0,0,2,0,2
"515",1,0,1,1,1,2,0,0,2,2
"516",0,0,0,0,0,1,0,1,1,1
"517",0,0,0,0,0,0,0,0,0,1
"518",0,1,0,0,1,0,0,1,0,1
"519",1,1,0,2,0,2,0,2,4,5
"520",0,1,0,0,0,0,0,0,1,1
"521",0,0,0,0,0,0,0,0,0,0
"522",0,1,0,0,1,0,1,1,0,1
"523",0,0,1,0,0,0,0,1,0,2
"524",0,0,0,0,0,0,0,0,0,2
"525",0,0,0,0,0,0,0,0,0,0
"526",1,3,1,3,0,2,0,1,5,2
"527",1,2,0,1,0,1,1,0,1,1
"528",1,0,0,0,0,0,0,0,1,1
"529",0,1,0,0,1,0,0,1,0,1
"530",0,1,0,0,0,0,0,0,0,1
"531",0,0,0,0,0,0,0,0,0,0
"532",0,1,0,2,0,0,1,0,1,1
"533",0,0,0,0,0,0,0,0,0,0
"534",0,2,0,0,1,0,0,3,0,3
"535",0,0,0,0,0,0,0,0,0,0
"536",0,0,0,0,0,0,0,0,0,0
"537",0,3,0,0,0,0,1,2,0,1
"538",0,1,0,1,1,0,0,2,1,1
"539",2,1,2,2,1,0,1,1,2,2
"540",0,0,0,0,0,0,0,0,0,0
"541",0,3,0,0,0,0,0,0,0,1
"542",0,0,0,0,0,0,0,0,1,0
"543",0,0,0,0,0,0,0,0,0,0
"544",0,0,0,0,0,0,0,0,0,0
"545",1,0,1,1,0,0,0,0,1,0
"546",0,0,0,0,0,0,0,1,0,0
"547",0,0,0,0,0,0,0,0,0,1
"548",0,1,0,0,1,0,0,0,0,1
"549",1,0,1,0,0,1,0,0,1,1
"550",0,0,0,0,0,0,0,1,0,0
"551",0,1,0,0,0,0,0,0,0,0
"552",0,0,0,0,0,0,0,0,0,0
"553",1,1,0,0,1,1,2,2,2,2
"554",1,0,0,1,0,0,0,0,1,0
"555",0,1,0,0,0,0,0,0,0,0
"556",0,0,0,0,0,0,0,0,0,0
"557",0,1,0,0,0,0,0,2,1,1
"558",1,2,0,0,1,0,1,1,1,2
"559",0,0,0,0,0,0,0,2,0,1
"560",0,0,0,0,0,0,0,0,0,3
"561",0,2,0,1,0,1,0,0,1,2
"562",0,0,0,0,0,0,0,0,0,0
"563",0,2,0,1,0,2,0,0,2,2
"564",0,0,0,0,0,0,0,0,0,0
"565",0,0,0,0,0,0,0,0,0,0
"566",1,1,2,1,0,0,0,1,2,0
"567",0,1,0,0,0,0,0,2,0,3
"568",0,0,0,0,0,0,0,0,0,0
"569",0,1,0,0,1,0,0,2,0,3
"570",1,0,1,0,1,0,0,3,0,7
"571",0,0,0,0,0,0,1,0,0,0
"572",5,0,3,4,0,3,1,1,8,1
"573",0,0,0,0,0,0,0,0,0,0
"574",0,1,0,0,1,0,1,1,0,2
"575",0,0,0,1,0,1,0,1,2,1
"576",0,0,0,0,0,0,0,0,0,3
"577",0,1,0,0,0,0,0,0,0,0
"578",0,0,0,0,0,0,0,0,0,1
"579",0,0,0,1,0,2,0,1,2,0
"580",0,0,0,0,0,0,0,0,0,0
"581",0,0,0,0,0,0,0,0,0,0
"582",0,0,0,0,1,0,0,0,0,1
"583",0,1,0,0,0,0,0,0,0,0
"584",0,0,0,0,0,1,0,0,1,0
"585",0,0,1,0,0,1,1,2,3,4
"586",1,0,1,1,0,2,0,0,2,0
"587",0,0,0,0,0,0,0,0,0,0
"588",0,0,0,0,0,0,0,0,0,0
"589",0,0,0,0,0,0,0,0,0,1
"590",0,0,0,0,0,0,0,0,0,0
"591",0,1,0,0,1,1,0,1,2,4
"592",1,0,0,0,0,1,0,1,1,0
"593",0,0,0,1,0,1,0,0,1,1
"594",0,0,0,0,0,0,0,0,0,0
"595",0,0,0,0,1,0,0,1,0,1
"596",0,0,0,0,0,0,0,0,0,0
"597",0,1,0,0,0,0,0,1,0,1
"598",0,0,0,0,0,0,0,0,0,0
"599",0,0,0,0,0,0,0,0,0,0
"600",0,1,1,0,1,0,0,1,1,2
"601",0,0,0,0,0,0,0,0,0,0
"602",0,0,0,0,0,0,0,0,0,0
"603",1,0,0,0,0,0,0,1,1,0
"604",0,0,0,0,0,0,0,0,0,0
"605",0,1,0,0,0,0,0,1,0,1
"606",1,3,0,0,0,1,0,2,3,4
"607",1,1,0,0,1,0,0,2,0,3
"608",0,0,0,0,0,0,0,1,0,1
"609",0,0,0,0,0,0,0,0,0,1
"610",0,0,0,0,0,0,0,0,0,0
"611",0,0,0,0,1,0,0,2,0,1
"612",1,0,0,0,0,0,0,0,1,0
"613",0,0,0,0,0,0,0,0,0,0
"614",1,0,1,1,0,0,0,0,1,0
"615",1,1,0,0,1,0,1,2,1,3
"616",0,0,0,0,0,0,0,1,0,2
"617",0,0,0,1,0,0,0,0,0,0
"618",2,2,0,1,2,1,1,2,5,3
"619",0,1,2,1,0,0,0,0,2,1
"620",0,0,1,0,1,1,0,3,2,1
"621",0,0,0,0,0,0,0,0,0,0
"622",1,0,0,0,0,0,0,0,1,0
"623",0,0,0,0,0,0,0,0,0,0
"624",0,2,0,0,2,0,0,2,1,7
"625",0,0,1,1,0,1,0,0,1,0
"626",1,1,1,2,1,2,1,1,4,1
"627",0,1,0,0,0,0,0,0,0,0
"628",0,0,0,0,0,0,0,2,0,5
"629",0,0,0,0,0,0,0,0,0,0
"630",1,0,1,1,0,1,1,0,2,0
"631",0,0,0,0,0,0,0,1,0,1
"632",0,1,0,1,1,1,1,2,2,1
"633",0,0,0,0,0,0,0,0,0,3
"634",1,0,0,0,0,0,0,3,1,3
"635",0,0,0,0,1,0,0,3,1,2
"636",1,0,1,1,0,0,0,1,1,0
"637",0,0,0,0,0,0,0,0,0,0
"638",0,0,0,0,0,0,0,0,0,0
"639",0,1,0,0,1,1,1,1,1,1
"640",0,2,0,0,0,0,0,0,0,1
"641",3,0,0,1,0,1,0,1,5,1
"642",0,2,0,0,3,0,1,4,0,5
"643",1,0,1,1,0,2,1,0,2,3
"644",0,0,0,0,1,0,0,2,0,3
"645",0,0,0,0,0,0,0,1,0,1
"646",0,2,0,0,1,0,1,1,1,1
"647",0,1,1,0,4,0,1,2,0,5
"648",0,3,0,1,4,1,1,2,1,4
"649",0,0,0,0,0,0,0,0,0,0
"650",0,0,1,1,0,0,0,0,1,0
"651",1,3,0,1,1,1,2,1,1,2
"652",2,2,0,2,2,0,2,4,2,5
"653",0,0,0,0,0,0,0,0,1,0
"654",1,0,0,1,0,0,1,1,1,1
"655",0,0,0,0,0,0,0,0,0,0
"656",0,0,0,0,0,0,0,0,0,0
"657",0,0,0,0,0,0,0,1,0,1
"658",0,3,0,0,1,0,0,2,0,4
"659",1,2,1,2,3,1,1,2,1,4
"660",0,0,0,0,0,0,0,0,0,1
"661",0,2,0,0,0,0,0,1,2,3
"662",0,0,0,0,0,0,0,0,0,1
"663",0,0,0,0,0,0,0,0,1,1
"664",0,1,0,0,0,0,0,1,0,2
"665",0,0,0,1,1,0,1,2,1,3
"666",0,0,0,0,1,0,0,2,0,2
"667",1,0,2,1,0,1,0,0,2,1
"668",0,0,0,0,0,1,0,1,3,0
"669",1,0,0,1,0,1,0,0,1,0
"670",0,2,0,1,2,0,1,3,0,3
"671",0,2,0,1,1,0,0,2,0,1
"672",0,0,0,0,0,0,0,0,0,0
"673",1,1,0,2,1,3,1,1,3,1
"674",0,0,0,0,0,0,0,0,0,1
"675",1,0,0,1,1,1,0,1,1,1
"676",0,0,0,0,0,0,0,1,0,1
"677",0,0,0,0,0,0,0,0,0,1
"678",1,1,0,0,0,0,0,0,2,0
"679",0,1,0,1,2,0,0,3,0,2
"680",0,0,0,0,0,0,0,0,0,0
"681",0,1,0,0,0,0,0,0,1,0
"682",1,0,0,2,0,0,2,1,2,3
"683",1,0,0,1,1,1,0,1,1,1
"684",0,0,0,0,2,0,0,1,0,4
"685",0,1,0,0,1,0,0,1,0,1
"686",0,0,0,0,0,0,0,0,0,0
"687",0,2,0,0,1,0,0,2,0,2
"688",0,0,0,1,0,0,0,0,0,0
"689",0,0,0,0,0,0,0,0,0,1
"690",1,1,1,2,0,1,0,0,4,1
"691",0,0,0,0,0,0,0,1,0,1
"692",0,0,0,0,0,0,0,0,0,0
"693",0,1,0,1,0,0,0,3,0,2
"694",1,0,0,0,0,0,0,2,0,3
"695",1,0,0,0,0,0,0,0,1,3
"696",4,1,3,3,0,3,1,0,5,2
"697",0,0,0,0,0,0,0,2,0,2
"698",0,1,1,1,0,0,0,2,1,3
"699",0,0,0,0,0,0,0,1,0,2
"700",1,1,0,0,1,0,1,3,0,2
"701",0,0,0,0,0,0,0,1,0,1
"702",0,0,0,0,0,0,0,1,0,2
"703",1,1,0,0,0,0,0,0,1,0
"704",0,0,0,0,0,0,0,0,0,1
"705",0,0,0,1,0,1,0,1,1,1
"706",0,0,0,1,1,0,0,2,2,1
"707",0,0,0,0,0,0,0,0,0,0
"708",2,3,1,2,1,1,1,5,3,8
"709",0,0,0,0,0,0,0,0,0,0
"710",0,0,0,0,0,0,0,0,0,2
"711",0,0,0,0,0,0,0,0,0,0
"712",0,0,0,1,0,2,1,0,2,0
"713",1,0,0,1,1,0,0,1,1,1
"714",1,1,0,1,0,1,1,1,1,3
"715",0,1,0,0,0,0,0,0,0,0
"716",0,0,0,0,0,0,0,0,1,2
"717",0,0,0,0,0,0,0,0,0,1
"718",0,1,0,0,0,0,0,2,0,4
"719",0,1,0,0,1,0,1,1,0,1
"720",0,2,1,0,2,0,1,2,0,4
"721",1,0,1,1,0,1,0,0,2,0
"722",0,0,1,1,1,1,0,2,1,3
"723",0,0,0,0,0,0,0,0,0,0
"724",0,0,1,0,0,0,0,0,1,0
"725",1,0,1,1,0,1,0,0,1,0
"726",0,0,0,0,0,0,0,0,0,0
"727",0,0,0,0,0,0,0,0,0,0
"728",0,1,0,0,0,0,0,0,0,0
"729",0,1,0,0,2,0,0,2,0,3
"730",0,0,0,0,0,0,0,1,0,2
"731",1,2,1,2,1,1,1,2,3,3
"732",1,0,0,0,0,0,0,0,1,1
"733",0,0,0,0,0,0,0,0,0,0
"734",0,0,0,0,0,0,0,0,0,1
"735",0,2,0,2,2,1,0,1,2,2
"736",0,0,0,0,0,0,0,1,0,3
"737",0,0,0,0,0,0,0,1,0,1
"738",0,0,0,0,0,0,0,3,0,2
"739",1,0,0,0,0,1,0,0,2,1
"740",0,1,0,0,0,0,0,1,0,2
"741",0,0,1,1,0,2,1,2,2,0
"742",0,0,0,0,0,0,0,0,0,0
"743",0,0,0,0,0,0,0,0,0,0
"744",0,0,0,0,0,0,0,0,0,0
"745",0,0,0,0,0,0,0,0,0,1
"746",0,0,0,0,0,0,0,0,0,0
"747",0,1,0,0,0,0,0,1,0,0
"748",0,0,1,0,0,1,0,1,1,0
"749",0,1,0,0,0,0,0,0,0,0
"750",0,0,0,0,0,0,0,0,0,0
"751",0,1,0,1,0,0,0,1,2,2
"752",0,0,0,1,0,0,0,1,1,1
"753",0,0,0,0,0,0,0,0,0,0
"754",0,0,0,0,0,0,0,1,0,2
"755",0,1,0,0,0,0,0,0,0,0
"756",2,1,0,2,1,1,2,2,4,3
"757",0,0,0,1,0,0,0,0,0,0
"758",0,2,0,1,1,0,1,2,0,4
"759",0,0,0,0,0,0,0,0,0,0
"760",1,0,1,1,1,1,0,2,2,4
"761",0,0,0,0,0,0,0,1,0,1
"762",0,0,0,0,0,0,0,0,0,1
"763",0,0,0,1,2,0,0,2,1,3
"764",1,1,1,2,0,1,0,0,2,1
"765",0,0,0,0,0,0,0,0,0,0
"766",0,0,0,0,0,0,0,0,0,0
"767",0,2,0,0,3,1,2,3,0,6
"768",0,0,0,0,0,0,0,0,0,0
"769",1,1,0,1,1,1,0,2,2,2
"770",0,0,0,0,0,0,0,0,0,0
"771",0,0,0,0,0,0,0,0,0,1
"772",0,0,0,0,0,0,0,0,0,0
"773",0,0,0,0,0,0,0,0,1,0
"774",0,0,0,0,0,0,0,1,0,3
"775",0,1,0,0,3,0,1,5,0,6
"776",0,1,1,1,1,0,0,1,1,2
"777",0,1,0,0,1,0,0,1,0,3
"778",2,0,0,0,0,0,0,1,2,0
"779",1,1,0,2,0,3,0,3,3,2
"780",1,0,0,0,0,0,0,1,1,2
"781",0,0,0,0,0,0,0,0,0,0
"782",0,0,0,0,0,0,0,0,0,0
"783",0,0,0,0,0,0,0,0,0,0
"784",0,0,0,0,0,0,0,0,0,1
"785",0,1,0,0,1,0,0,1,0,2
"786",2,0,0,1,0,1,0,0,2,0
"787",0,0,0,0,0,0,0,1,1,2
"788",0,0,0,0,0,0,1,0,0,1
"789",0,0,0,0,0,0,0,0,0,0
"790",0,0,0,0,1,0,0,1,0,2
"791",3,1,2,3,1,3,1,1,4,2
"792",1,0,0,0,0,0,0,0,0,0
"793",0,0,0,0,0,0,0,2,0,1
"794",0,1,0,0,1,0,1,1,1,3
"795",2,0,0,1,0,0,0,0,3,0
"796",0,1,0,0,0,0,0,1,0,0
"797",0,1,0,0,1,0,0,2,1,2
"798",0,2,0,0,1,0,1,2,0,2
"799",0,1,0,0,2,0,1,0,1,2
"800",0,0,0,0,0,0,0,0,0,1
"801",0,1,0,2,0,0,0,0,0,1
"802",0,1,0,1,0,1,0,1,1,1
"803",0,0,0,0,0,0,0,0,0,0
"804",0,0,0,0,0,0,0,1,0,0
"805",1,0,0,1,0,1,0,2,1,2
"806",1,0,1,0,0,0,0,0,1,0
"807",0,1,0,0,0,1,1,0,1,0
"808",2,0,1,1,0,1,0,1,2,2
"809",0,0,0,0,0,0,0,0,0,0
"810",1,0,0,2,0,1,0,0,2,0
"811",0,2,0,0,2,0,1,3,1,5
"812",1,1,0,2,2,1,1,1,3,3
"813",0,1,0,0,1,0,0,1,0,2
"814",0,1,0,0,1,2,0,1,2,1
"815",0,0,0,0,0,0,0,0,1,1
"816",1,2,1,1,3,1,1,2,1,4
"817",0,1,0,0,1,0,0,2,1,5
"818",0,1,0,0,1,0,1,2,0,3
"819",3,1,1,6,0,3,1,2,6,4
"820",0,1,0,0,0,1,0,4,1,2
"821",1,0,0,0,0,0,0,1,1,1
"822",0,0,0,0,0,0,0,0,0,0
"823",0,0,0,1,0,0,0,1,1,1
"824",2,0,2,1,0,2,0,0,2,0
"825",0,2,0,1,2,0,2,1,1,2
"826",0,0,0,0,0,0,0,0,0,0
"827",1,0,0,0,0,1,1,0,2,0
"828",0,3,0,1,2,0,2,3,0,2
"829",0,0,0,0,0,0,0,0,0,0
"830",0,0,0,2,0,2,0,1,2,0
"831",0,0,0,1,0,1,1,0,1,1
"832",0,1,0,0,1,0,0,2,0,1
"833",0,0,0,0,0,0,0,0,0,0
"834",0,0,0,0,1,0,0,1,0,1
"835",0,1,1,0,0,0,1,1,0,4
"836",0,0,0,0,1,0,0,0,0,1
"837",0,1,0,0,0,0,0,1,0,1
"838",0,2,0,0,0,0,0,0,0,1
"839",0,0,0,0,0,0,0,2,0,3
"840",1,0,0,1,0,1,0,0,1,1
"841",1,3,0,1,0,0,1,2,1,2
"842",0,0,0,0,0,0,0,0,0,0
"843",2,1,1,0,0,0,0,2,2,3
"844",0,0,0,0,0,0,0,1,0,1
"845",1,0,1,0,0,0,0,0,1,0
"846",0,1,0,0,1,0,0,0,0,3
"847",0,0,0,0,0,0,0,0,0,1
"848",0,0,0,0,0,0,0,0,0,0
"849",1,1,1,1,2,0,1,3,1,3
"850",0,0,0,0,0,0,0,0,0,1
"851",0,1,0,1,0,2,0,0,1,0
"852",0,0,0,1,0,1,0,0,1,0
"853",0,1,0,0,0,0,0,1,0,2
"854",0,0,1,0,0,2,0,1,2,2
"855",0,0,0,0,0,0,0,1,0,0
"856",0,1,0,0,0,0,0,1,0,5
"857",0,1,0,0,0,0,0,2,0,2
"858",0,0,0,0,0,0,0,0,0,1
"859",0,0,0,0,1,0,0,2,0,3
"860",1,0,0,0,0,0,0,0,1,0
"861",0,0,0,0,0,0,0,0,0,0
"862",0,1,0,0,0,0,0,0,0,0
"863",0,0,0,0,0,0,0,2,0,1
"864",1,0,0,0,0,1,0,3,1,3
"865",0,0,0,0,0,0,0,0,0,0
"866",0,1,0,0,1,0,1,3,0,2
"867",0,1,0,0,1,0,0,1,1,2
"868",0,1,0,0,0,0,0,1,2,1
"869",0,0,0,0,0,0,0,1,0,2
"870",0,1,0,1,1,1,1,0,0,1
"871",0,0,0,0,0,0,0,1,0,3
"872",0,0,0,1,0,0,1,1,1,2
"873",0,0,0,0,0,0,0,0,0,0
"874",0,0,1,1,0,0,0,1,1,2
"875",0,0,0,0,0,0,0,1,0,2
"876",0,1,0,0,1,1,0,1,0,1
"877",0,0,0,0,0,0,0,1,0,3
"878",0,0,0,1,0,0,0,0,0,0
"879",0,0,0,0,0,0,0,0,0,1
"880",0,0,0,0,0,0,0,0,0,0
"881",2,3,1,0,1,2,1,6,2,4
"882",0,0,0,0,0,0,0,0,0,0
"883",0,0,0,0,0,0,0,0,0,1
"884",0,2,0,1,1,1,1,1,3,2
"885",0,0,0,0,0,0,0,0,0,0
"886",0,0,0,0,0,0,0,1,0,0
"887",0,0,0,0,0,1,0,0,1,2
"888",0,0,0,0,0,0,0,0,0,0
"889",0,0,0,0,0,0,0,1,0,1
"890",1,1,1,2,0,2,1,0,2,0
"891",5,1,1,10,1,3,0,6,12,7
"892",0,4,0,0,2,0,0,2,0,3
"893",0,0,0,1,0,1,0,1,1,1
"894",0,0,0,1,0,1,0,0,1,0
"895",0,0,0,0,1,0,0,0,0,1
"896",1,0,0,2,0,1,0,0,2,1
"897",0,0,0,0,0,0,0,0,0,0
"898",0,1,0,0,1,0,0,1,0,1
"899",2,1,2,1,0,1,0,0,2,2
"900",0,1,0,0,0,0,0,2,0,1
"901",0,1,0,0,1,0,1,2,1,3
"902",1,1,1,1,0,1,0,1,2,1
"903",1,0,0,1,0,0,1,1,2,1
"904",0,0,0,0,0,1,0,1,1,1
"905",0,0,0,0,0,0,0,2,0,0
"906",0,1,0,0,1,1,1,0,0,1
"907",0,0,0,0,0,0,0,1,0,1
"908",0,1,0,0,0,0,0,0,0,1
"909",0,1,1,2,3,1,1,2,1,5
"910",0,0,0,0,0,0,0,1,1,2
"911",0,1,0,0,2,0,0,3,0,5
"912",0,0,0,0,0,0,0,1,0,0
"913",0,2,1,1,2,1,1,4,1,4
"914",0,0,0,0,0,0,1,0,0,1
"915",4,1,1,3,1,2,0,2,4,2
"916",1,0,0,0,0,0,0,2,1,2
"917",0,1,0,0,1,1,0,1,0,1
"918",1,1,1,0,1,1,0,2,4,3
"919",0,0,0,0,0,0,0,0,0,0
"920",1,0,0,0,0,1,0,1,3,0
"921",1,1,0,0,1,0,1,1,1,2
"922",0,2,0,2,2,0,0,2,1,3
"923",1,1,2,1,0,1,0,1,1,1
"924",0,0,0,0,0,0,0,0,0,1
"925",0,1,0,0,0,0,0,0,1,0
"926",1,1,0,1,2,0,0,2,1,6
"927",0,0,0,0,0,0,0,0,0,0
"928",0,0,0,0,0,0,0,2,0,1
"929",0,1,0,0,1,0,1,4,0,4
"930",0,0,0,0,0,0,0,2,0,2
"931",1,1,0,0,0,0,0,0,3,1
"932",0,0,0,0,1,0,0,1,0,1
"933",0,1,0,1,1,0,1,0,1,1
"934",1,1,0,1,1,2,1,1,3,1
"935",0,0,0,0,0,0,0,0,0,0
"936",1,2,0,0,2,2,2,1,1,3
"937",0,0,0,0,1,0,1,1,0,3
"938",0,0,0,1,0,1,0,1,2,2
"939",1,1,1,3,0,2,1,0,2,0
"940",0,1,0,0,0,1,0,0,1,1
"941",0,0,0,0,0,0,0,0,0,0
"942",0,3,0,2,1,0,0,1,2,1
"943",0,1,0,0,0,0,0,2,0,1
"944",0,0,0,1,0,1,0,0,1,0
"945",0,0,0,1,0,1,0,1,1,1
"946",0,0,0,0,0,0,0,0,0,0
"947",0,1,0,0,0,0,0,0,0,1
"948",0,0,0,2,0,1,0,1,2,2
"949",0,0,0,0,0,0,0,2,0,3
"950",0,0,0,0,0,0,0,0,0,1
"951",0,0,0,0,0,0,0,0,0,0
"952",0,1,0,1,2,2,1,1,1,2
"953",1,0,0,2,0,1,1,2,1,4
"954",0,0,0,0,0,0,0,0,0,0
"955",0,0,0,0,0,0,0,0,0,0
"956",0,0,0,0,0,0,0,0,0,0
"957",0,0,0,0,1,0,0,2,0,2
"958",2,0,0,2,0,1,0,2,2,1
"959",0,0,0,0,0,0,0,0,1,0
"960",0,1,0,0,2,2,0,3,2,8
"961",1,1,1,1,1,1,1,2,1,2
"962",1,2,1,1,3,1,1,2,5,3
"963",0,0,1,1,0,0,0,0,1,0
"964",1,2,0,0,0,0,0,1,0,2
"965",0,1,0,1,0,0,0,0,1,1
"966",0,1,0,0,2,0,1,3,0,3
"967",0,0,0,0,0,0,0,0,0,0
"968",0,0,0,0,0,0,0,2,0,1
"969",0,0,0,0,0,1,0,0,2,0
"970",0,0,0,0,0,1,0,0,1,2
"971",0,1,0,1,1,0,0,1,1,2
"972",0,0,0,0,0,0,0,0,0,1
"973",0,0,0,0,0,0,0,0,0,0
"974",2,3,3,2,3,1,3,5,4,6
"975",0,0,0,1,1,1,0,1,3,3
"976",0,1,0,0,0,0,0,1,0,2
"977",0,0,0,0,0,0,0,0,0,0
"978",0,1,0,0,1,0,1,1,0,1
"979",0,1,0,0,1,0,1,1,0,1
"980",0,0,0,0,0,0,0,0,0,0
"981",0,3,0,0,2,1,1,3,0,7
"982",1,2,0,2,1,1,1,2,1,3
"983",1,1,1,2,0,1,0,1,2,2
"984",0,0,0,0,0,0,0,0,0,1
"985",1,3,0,0,3,1,2,0,3,5
"986",0,1,0,0,2,0,0,2,0,3
"987",0,0,0,0,0,0,0,1,0,0
"988",2,0,1,3,0,0,0,1,3,1
"989",0,0,0,0,0,0,0,0,0,0
"990",0,0,0,1,0,1,0,0,2,0
"991",0,0,0,0,0,0,0,0,0,2
"992",0,0,0,0,0,0,0,2,0,2
"993",0,0,0,0,0,0,0,0,1,0
"994",0,0,0,0,0,0,0,0,1,0
"995",0,0,0,0,0,0,0,0,3,1
"996",0,0,0,0,0,0,0,0,0,0
"997",0,0,0,0,0,0,0,0,0,1
"998",0,0,0,0,0,0,0,0,0,1
"999",0,0,1,0,0,0,0,0,1,0
"1000",0,0,0,1,0,1,0,4,1,5
"1001",0,0,0,0,0,0,0,0,0,0
"1002",0,0,0,0,0,0,0,1,0,0
"1003",0,0,0,0,1,0,0,1,0,1
"1004",0,0,0,0,0,0,0,1,1,2
"1005",0,1,0,0,0,0,0,1,0,1
"1006",0,4,0,1,3,0,2,4,1,7
"1007",0,0,0,1,1,1,0,2,0,2
"1008",0,1,0,1,0,0,0,1,2,1
"1009",0,1,0,0,0,0,0,1,0,0
"1010",0,0,0,0,0,0,0,0,0,0
"1011",1,0,0,2,0,1,0,1,1,2
"1012",0,0,0,0,0,0,0,1,0,1
"1013",0,0,0,0,0,0,0,0,1,0
"1014",1,1,1,1,1,0,0,2,1,2
"1015",4,2,4,5,2,2,0,3,3,5
"1016",1,1,0,0,0,0,0,0,1,0
"1017",0,0,0,0,0,0,0,1,0,0
"1018",0,0,0,0,0,0,0,0,1,0
"1019",0,0,0,0,0,0,0,0,1,1
"1020",0,1,0,0,1,0,1,1,0,1
"1021",0,0,0,0,0,0,0,1,0,1
"1022",0,3,0,0,1,1,1,2,0,2
"1023",0,0,0,0,0,0,0,0,0,2
"1024",0,0,0,1,0,1,0,0,1,0
"1025",0,0,0,1,0,1,0,2,2,2
"1026",0,0,0,0,0,0,0,2,0,2
"1027",0,1,0,0,1,1,1,1,1,1
"1028",0,1,0,0,1,0,1,1,0,2
"1029",0,0,0,0,0,0,0,1,0,1
"1030",1,0,0,0,0,0,0,1,3,1
"1031",0,0,0,0,0,0,0,0,1,0
"1032",2,1,1,1,1,1,2,1,1,2
"1033",0,0,0,0,0,0,0,0,0,0
"1034",1,2,1,3,0,4,0,1,4,1
"1035",0,0,0,0,0,0,0,1,0,3
"1036",0,0,0,0,0,0,0,1,0,1
"1037",0,0,0,0,0,0,0,0,1,1
"1038",0,1,0,1,0,1,1,2,1,4
"1039",0,2,0,0,1,1,0,1,1,1
"1040",2,1,2,2,1,1,0,2,3,5
"1041",0,1,0,1,1,0,1,0,1,5
"1042",0,0,0,0,0,0,0,0,0,0
"1043",0,0,0,0,0,0,0,2,0,1
"1044",0,0,0,1,0,0,0,0,1,0
"1045",0,2,0,0,1,0,0,3,0,5
"1046",0,0,0,0,0,0,0,0,1,0
"1047",1,1,0,1,1,1,0,1,1,2
"1048",1,0,1,1,0,0,0,0,1,0
"1049",0,0,0,0,0,0,0,0,0,1
"1050",2,0,1,1,0,1,0,1,2,2
"1051",0,1,0,0,0,0,0,1,0,2
"1052",0,2,0,0,1,0,1,3,1,2
"1053",2,0,0,1,1,1,1,1,1,1
"1054",1,1,1,1,1,1,1,2,1,2
"1055",0,0,0,0,0,0,0,0,0,0
"1056",0,0,0,0,0,0,0,0,0,0
"1057",3,0,1,3,0,0,0,1,2,0
"1058",0,1,0,0,1,0,1,2,0,3
"1059",0,0,0,0,0,0,0,0,2,0
"1060",0,1,0,0,0,0,0,0,0,1
"1061",0,0,0,0,1,1,0,0,1,2
"1062",0,0,0,0,0,1,0,0,1,0
"1063",0,0,1,1,0,1,1,1,1,0
"1064",1,0,0,0,0,0,0,0,1,0
"1065",0,0,0,1,0,1,0,1,1,3
"1066",0,0,0,0,0,0,0,0,1,0
"1067",0,0,0,0,0,1,0,0,1,0
"1068",0,1,0,1,2,0,1,2,1,3
"1069",0,0,0,0,0,0,0,1,0,2
"1070",1,3,0,0,2,1,2,3,3,4
"1071",2,0,1,1,0,0,0,0,2,0
"1072",0,0,0,0,0,0,0,0,0,0
"1073",0,1,0,1,0,0,0,0,1,1
"1074",0,0,0,0,1,0,0,1,0,2
"1075",0,1,0,0,1,1,1,1,0,1
"1076",0,0,0,0,0,0,0,4,0,3
"1077",0,0,0,0,0,0,0,0,0,0
"1078",0,0,0,0,0,0,0,1,0,1
"1079",0,0,0,0,1,0,0,1,0,1
"1080",0,0,0,0,0,0,0,0,0,0
"1081",0,0,0,0,0,0,0,1,0,1
"1082",0,0,0,0,0,0,0,0,0,0
"1083",0,0,0,0,0,0,0,3,0,3
"1084",0,1,1,1,1,0,0,2,2,5
"1085",1,0,0,0,0,0,0,0,1,0
"1086",0,0,0,0,0,0,0,1,1,1
"1087",0,0,0,1,0,0,0,0,0,2
"1088",1,0,1,1,1,1,0,1,1,2
"1089",0,0,0,0,0,0,0,0,1,0
"1090",0,0,0,0,0,0,0,1,1,3
"1091",0,0,0,0,0,0,1,1,0,3
"1092",0,0,0,0,0,0,1,1,0,2
"1093",0,0,0,0,1,0,0,0,2,2
"1094",1,1,0,1,0,1,0,1,1,1
"1095",0,0,1,1,0,3,0,0,2,0
"1096",0,0,0,0,0,0,0,0,0,0
"1097",0,1,0,0,1,0,0,0,0,3
"1098",0,1,0,0,0,0,0,0,0,1
"1099",0,0,0,0,0,0,0,0,0,1
"1100",0,1,0,0,2,0,0,2,0,3
"1101",0,0,1,0,0,0,0,0,2,1
"1102",1,0,0,0,0,0,0,0,1,1
"1103",0,0,0,0,0,0,0,1,0,1
"1104",0,0,0,0,1,0,0,0,0,1
"1105",2,3,1,1,3,0,0,4,2,6
"1106",1,0,0,2,0,1,0,0,1,0
"1107",0,0,0,0,0,0,0,0,0,0
"1108",1,0,0,0,0,0,0,1,1,1
"1109",0,0,0,0,0,0,0,0,0,0
"1110",0,1,0,0,1,1,1,0,0,1
"1111",0,0,1,1,0,1,0,1,2,3
"1112",0,0,1,0,0,0,0,0,1,0
"1113",0,1,0,0,0,0,0,3,1,3
"1114",0,0,0,0,0,0,0,0,0,0
"1115",0,0,0,0,0,0,0,0,0,1
"1116",1,1,0,1,0,1,0,1,1,3
"1117",0,0,1,0,0,0,0,1,1,1
"1118",0,0,0,0,0,0,0,0,0,1
"1119",1,1,1,2,0,2,1,1,2,1
"1120",0,1,0,0,0,0,0,0,0,0
"1121",0,1,0,0,0,0,0,0,1,1
"1122",0,0,0,0,0,0,0,0,0,0
"1123",0,0,0,0,0,0,0,1,0,2
"1124",1,3,1,1,1,1,1,2,2,4
"1125",1,1,0,0,1,1,0,1,1,1
"1126",0,1,0,0,1,1,0,1,1,3
"1127",0,0,0,0,0,1,0,0,1,0
"1128",0,2,0,0,0,0,0,1,1,2
"1129",3,0,1,2,1,2,0,0,3,1
"1130",0,0,0,1,0,0,0,0,1,1
"1131",0,0,0,0,0,0,0,1,1,1
"1132",0,0,0,0,0,0,0,0,0,0
"1133",1,1,1,2,1,2,1,1,2,4
"1134",0,0,0,0,0,0,0,0,0,1
"1135",0,1,0,0,1,0,0,4,0,4
"1136",0,0,0,0,0,0,0,0,0,2
"1137",1,0,0,1,0,1,0,0,1,0
"1138",1,1,0,1,0,0,0,0,0,1
"1139",0,1,0,0,1,0,0,1,0,2
"1140",2,1,1,2,0,1,0,1,3,2
"1141",4,1,1,4,1,4,1,1,6,3
"1142",0,0,0,2,0,0,0,4,2,2
"1143",0,1,0,0,0,0,0,1,0,2
"1144",1,0,0,0,0,0,0,2,0,2
"1145",0,0,0,0,0,0,0,0,0,0
"1146",0,0,0,0,0,0,0,0,0,1
"1147",0,0,0,0,1,0,0,1,0,2
"1148",0,0,0,0,0,0,0,1,1,1
"1149",0,1,0,0,0,0,0,0,0,0
"1150",3,2,1,3,2,5,0,2,8,3
"1151",0,0,0,0,0,0,0,1,0,0
"1152",0,0,0,0,0,0,0,0,1,1
"1153",0,0,0,0,1,0,1,1,0,2
"1154",0,2,0,0,1,0,0,3,1,5
"1155",0,0,0,0,0,0,0,1,0,1
"1156",0,0,0,0,0,0,0,1,0,2
"1157",1,1,1,1,0,1,1,0,1,0
"1158",1,0,0,1,0,2,0,0,2,0
"1159",2,0,1,1,2,0,0,2,4,4
"1160",0,0,0,0,0,0,0,0,0,1
"1161",0,0,0,0,0,0,0,0,0,2
"1162",0,0,0,0,0,0,0,0,0,0
"1163",0,1,0,0,1,0,0,1,0,1
"1164",0,0,0,0,0,0,0,0,0,1
"1165",0,0,0,0,0,0,0,1,0,1
"1166",0,0,0,1,0,1,0,2,0,1
"1167",2,1,0,1,1,0,1,1,1,2
"1168",0,0,0,0,0,0,0,1,0,1
"1169",0,0,0,0,0,0,0,2,0,1
"1170",2,1,1,1,0,1,0,1,2,2
"1171",0,0,0,0,0,1,0,0,2,2
"1172",0,1,0,0,1,0,1,1,0,2
"1173",0,0,0,0,0,0,0,0,0,1
"1174",1,0,0,1,0,1,0,0,1,1
"1175",0,2,2,0,1,0,0,1,2,1
"1176",0,0,0,0,0,0,0,3,1,4
"1177",0,0,0,0,0,0,0,2,0,1
"1178",1,1,1,1,0,0,0,1,2,0
"1179",0,1,0,0,1,0,0,2,0,2
"1180",0,2,0,0,3,0,0,5,0,4
"1181",1,0,0,1,0,1,0,0,2,1
"1182",0,0,0,0,0,0,0,1,0,2
"1183",0,0,0,0,0,0,0,0,1,0
"1184",0,0,0,1,0,1,0,0,1,0
"1185",0,0,0,0,0,0,0,0,0,2
"1186",0,1,0,0,0,0,0,2,0,1
"1187",1,3,2,4,2,2,1,3,5,4
"1188",0,0,0,0,0,0,0,0,0,1
"1189",0,1,0,0,0,0,0,2,0,2
"1190",0,1,0,1,0,0,0,0,0,0
"1191",1,0,0,1,1,0,0,1,1,1
"1192",0,0,0,0,0,1,0,0,2,1
"1193",0,0,0,0,0,0,0,0,0,1
"1194",0,0,2,2,0,1,1,1,2,0
"1195",1,0,0,0,0,0,0,0,1,0
"1196",0,2,0,2,0,0,0,1,2,0
"1197",0,0,0,0,0,0,0,0,0,0
"1198",0,2,0,0,2,0,1,2,0,2
"1199",0,0,0,0,0,0,0,1,0,1
"1200",2,0,1,1,0,1,0,0,2,1
"1201",0,2,0,0,2,0,0,3,0,3
"1202",0,0,0,0,0,0,0,4,0,3
"1203",1,2,0,2,1,1,1,2,2,4
"1204",0,0,0,0,0,0,0,0,0,0
"1205",0,0,0,0,0,0,0,0,0,0
"1206",0,0,0,0,0,0,0,0,0,0
"1207",0,1,0,0,1,0,0,1,0,1
"1208",0,0,0,1,0,1,0,1,2,0
"1209",0,0,0,0,0,0,0,0,0,0
"1210",0,0,0,0,0,0,0,0,0,0
"1211",1,0,0,1,0,0,0,1,1,3
"1212",0,0,0,0,0,0,0,0,0,0
"1213",1,4,0,1,1,3,0,0,2,1
"1214",0,1,0,1,1,0,0,1,0,2
"1215",1,0,0,1,0,0,0,4,2,3
"1216",0,0,0,0,0,0,0,2,1,2
"1217",0,0,0,0,0,0,0,0,0,1
"1218",0,1,1,1,0,0,0,3,2,3
"1219",0,0,0,0,0,0,0,0,0,0
"1220",0,1,0,0,2,0,0,2,0,2
"1221",1,0,0,1,0,1,0,0,1,0
"1222",1,0,1,1,0,0,0,1,1,2
"1223",0,0,0,1,0,1,0,0,1,0
"1224",1,1,1,1,1,1,1,1,1,2
"1225",0,0,0,0,0,0,0,0,0,3
"1226",0,0,1,0,1,0,0,1,1,5
"1227",0,1,0,0,1,0,0,1,0,1
"1228",0,0,0,0,1,0,0,0,0,1
"1229",1,0,1,1,0,1,1,0,3,1
"1230",0,0,0,0,0,0,0,0,0,0
"1231",0,1,0,0,0,0,0,0,0,2
"1232",0,0,0,0,0,0,0,0,0,0
"1233",0,0,0,0,0,0,0,0,0,0
"1234",1,0,0,0,0,0,0,0,1,0
"1235",0,1,0,0,0,0,0,0,1,1
"1236",0,2,0,1,1,0,1,2,0,3
"1237",0,0,0,1,0,0,0,1,1,1
"1238",0,1,0,0,1,0,1,3,0,2
"1239",0,0,0,0,0,0,0,0,0,0
"1240",2,0,2,2,0,2,0,0,2,0
"1241",1,1,1,1,1,1,0,2,1,2
"1242",0,1,0,1,0,0,0,0,0,0
"1243",0,0,0,1,0,0,0,2,0,0
"1244",0,0,0,0,0,0,0,0,0,0
"1245",0,0,0,0,1,0,0,1,0,1
"1246",0,0,0,0,0,0,0,0,0,1
"1247",0,1,1,3,0,2,0,0,4,1
"1248",0,0,0,0,0,0,0,2,1,2
"1249",0,0,0,0,0,0,0,0,0,0
"1250",0,0,0,0,0,0,0,0,0,0
"1251",0,0,0,1,0,0,0,1,0,1
"1252",0,0,0,1,1,1,0,0,2,1
"1253",0,0,0,0,0,0,0,0,0,0
"1254",0,0,0,0,0,0,1,3,0,5
"1255",0,0,0,0,0,0,0,0,0,0
"1256",0,0,0,0,0,0,0,0,0,0
"1257",0,0,0,0,1,0,1,1,0,1
"1258",0,1,0,0,0,1,0,0,2,1
"1259",0,0,0,0,2,0,0,1,0,2
"1260",0,0,0,0,0,0,0,1,0,2
"1261",1,0,1,1,0,1,0,0,1,2
"1262",1,3,0,2,2,0,1,5,2,2
"1263",0,1,0,0,0,0,0,0,0,0
"1264",1,0,0,1,0,1,0,0,1,0
"1265",1,2,1,1,1,1,1,2,2,3
"1266",0,0,0,0,0,0,0,0,0,0
"1267",1,0,1,1,1,1,0,1,2,1
"1268",1,0,0,0,0,0,0,2,1,2
"1269",0,0,0,0,0,0,0,0,0,1
"1270",0,0,0,0,0,0,0,1,0,1
"1271",0,1,0,1,0,1,0,2,1,1
"1272",1,1,0,3,2,2,0,2,3,4
"1273",2,2,0,1,2,1,1,5,1,5
"1274",0,0,0,0,0,0,0,0,0,0
"1275",0,2,0,1,1,0,1,6,2,9
"1276",0,1,0,0,0,0,1,0,0,0
"1277",1,1,1,1,1,0,0,1,1,2
"1278",0,0,0,1,0,0,0,1,1,2
"1279",1,1,1,0,2,0,0,1,1,2
"1280",0,0,0,0,0,0,0,0,0,0
"1281",0,0,0,0,0,1,0,0,1,1
"1282",0,1,0,2,0,0,0,1,1,0
"1283",0,0,0,0,0,0,0,0,0,2
"1284",0,0,0,0,0,0,0,0,0,0
"1285",0,0,0,1,0,1,0,1,2,1
"1286",0,1,1,1,1,1,1,1,1,2
"1287",1,3,0,0,2,0,2,4,0,7
"1288",1,1,0,1,0,1,1,0,2,1
"1289",2,1,1,2,0,3,0,2,3,2
"1290",0,0,0,1,0,1,0,0,1,0
"1291",1,1,1,1,1,1,1,1,1,4
"1292",0,0,0,0,0,0,0,0,0,1
"1293",2,2,0,1,0,0,0,0,1,1
"1294",1,0,0,1,1,1,0,0,1,2
"1295",1,0,0,0,0,0,0,2,0,2
"1296",0,0,0,1,1,1,0,0,2,1
"1297",1,0,1,1,0,0,0,0,3,2
"1298",1,0,1,1,0,1,0,0,1,1
"1299",0,1,0,1,0,0,0,2,0,1
"1300",1,1,0,0,0,1,0,0,1,2
"1301",0,1,1,2,0,1,0,1,2,2
"1302",0,2,0,0,2,0,1,3,0,3
"1303",0,0,0,0,0,0,0,1,0,2
"1304",1,2,1,1,2,2,2,1,1,2
"1305",0,0,0,0,0,1,0,1,2,3
"1306",0,0,0,0,1,0,0,1,0,3
"1307",1,2,1,1,1,1,2,0,1,2
"1308",1,0,0,0,0,0,0,0,1,2
"1309",1,0,0,1,0,0,0,0,1,2
"1310",1,1,0,1,0,2,0,0,2,1
"1311",0,1,0,0,0,1,2,3,2,4
"1312",0,0,0,0,0,0,1,0,0,1
"1313",1,0,0,0,0,0,0,0,0,2
"1314",0,1,0,0,0,0,0,1,0,1
"1315",0,0,0,0,1,0,0,1,0,2
"1316",0,1,0,0,0,0,0,0,0,2
"1317",1,1,1,1,1,0,0,3,1,3
"1318",0,1,0,0,1,1,0,1,1,1
"1319",0,0,0,0,0,0,0,0,0,0
"1320",0,0,0,0,0,0,0,0,0,0
"1321",0,0,0,0,0,0,0,0,0,1
"1322",0,0,0,0,0,0,0,0,0,0
"1323",0,0,0,0,0,0,0,0,0,0
"1324",0,0,0,0,0,0,0,0,1,2
"1325",1,1,1,1,0,0,0,0,1,0
"1326",1,0,0,1,0,0,0,0,1,0
"1327",1,0,0,1,0,0,0,0,1,4
"1328",0,2,0,1,0,0,0,0,0,2
"1329",0,0,1,1,0,0,0,1,1,2
"1330",0,0,0,0,0,1,0,1,1,1
"1331",0,0,0,0,0,0,0,0,0,2
"1332",0,0,0,2,0,1,2,3,1,3
"1333",0,0,0,0,0,0,0,0,1,0
"1334",0,1,0,0,1,0,1,1,0,1
"1335",0,1,0,0,0,0,0,0,0,0
"1336",1,1,0,0,0,1,0,1,2,1
"1337",0,0,0,0,1,0,0,1,0,2
"1338",0,0,0,0,0,0,0,0,0,0
"1339",0,0,0,0,0,0,0,0,0,0
"1340",0,1,0,1,1,0,1,0,0,1
"1341",0,0,0,0,0,0,0,0,0,1
"1342",0,0,0,0,0,1,0,0,1,0
"1343",0,0,0,0,1,0,0,0,0,1
"1344",0,0,0,1,0,1,0,0,1,0
"1345",1,0,0,0,0,0,0,0,2,0
"1346",0,0,0,0,0,0,0,0,0,0
"1347",0,2,0,0,1,1,0,1,1,1
"1348",0,0,0,0,0,0,0,1,0,1
"1349",0,2,0,0,3,0,0,1,0,3
"1350",0,0,0,4,0,1,0,2,3,1
"1351",0,0,1,1,0,1,1,2,4,2
"1352",0,0,0,0,0,0,0,1,0,1
"1353",0,1,0,0,0,0,0,1,0,1
"1354",0,0,0,0,0,0,0,0,0,1
"1355",1,0,0,0,0,0,0,2,1,2
"1356",0,2,0,0,0,2,0,0,1,0
"1357",0,2,0,1,2,1,0,4,1,3
"1358",0,0,1,0,1,0,0,1,1,1
"1359",0,3,1,1,3,0,2,3,0,4
"1360",0,1,0,0,1,0,0,2,0,4
"1361",0,0,0,0,0,0,0,0,0,0
"1362",0,0,0,0,0,0,0,0,0,0
"1363",0,1,0,0,1,0,0,2,1,3
"1364",0,0,0,0,0,0,0,0,0,0
"1365",1,1,1,2,1,1,0,2,1,2
"1366",0,2,0,1,1,1,0,3,1,3
"1367",0,0,0,1,0,1,0,2,1,3
"1368",0,0,0,0,0,0,0,3,0,2
"1369",0,0,0,0,0,0,0,0,0,0
"1370",0,1,0,0,0,0,0,0,0,1
"1371",1,2,1,3,2,3,1,3,3,3
"1372",0,0,0,1,0,0,0,1,0,0
"1373",0,0,1,0,0,0,0,0,1,1
"1374",0,2,0,0,2,0,1,0,0,3
"1375",0,0,0,0,0,0,0,0,1,1
"1376",0,0,0,0,0,0,0,1,0,1
"1377",2,1,1,2,2,1,0,2,3,3
"1378",1,1,1,0,1,0,1,2,2,4
"1379",0,0,0,1,0,0,0,2,0,2
"1380",1,0,0,0,0,0,0,0,1,0
"1381",0,0,0,0,1,1,0,1,0,1
"1382",0,1,0,0,1,0,0,0,0,1
"1383",0,3,0,1,2,1,1,2,2,3
"1384",0,0,0,0,0,0,0,1,1,2
"1385",1,2,1,2,1,3,1,2,3,1
"1386",1,0,0,1,0,1,0,1,2,0
"1387",0,0,0,0,0,0,0,0,0,1
"1388",0,0,0,0,0,0,0,0,0,0
"1389",1,0,1,2,1,1,1,2,1,3
"1390",0,0,0,0,0,0,0,0,0,1
"1391",0,0,0,0,0,0,0,0,1,0
"1392",2,0,1,0,0,0,0,0,2,0
"1393",0,2,1,1,1,1,1,1,1,5
"1394",1,0,0,1,0,1,0,2,2,2
"1395",0,0,0,0,0,0,0,0,0,1
"1396",0,0,0,1,0,2,0,0,2,2
"1397",0,0,0,0,0,0,0,2,0,3
"1398",0,0,0,0,0,0,0,0,0,0
"1399",0,0,0,0,0,0,0,0,0,0
"1400",1,1,1,1,1,1,1,1,1,2
"1401",0,0,0,0,0,0,0,0,0,0
"1402",0,0,0,0,0,0,0,0,0,0
"1403",1,0,0,0,0,0,0,0,2,2
"1404",0,1,0,0,0,0,0,0,0,2
"1405",0,2,0,0,1,0,1,0,0,3
"1406",2,0,0,0,0,1,0,1,2,0
"1407",0,0,0,0,0,0,0,0,1,1
"1408",1,0,0,0,0,1,0,2,2,4
"1409",0,1,0,1,3,0,0,3,1,4
"1410",0,0,0,0,0,0,0,0,0,2
"1411",0,1,0,0,0,0,0,0,1,1
"1412",0,1,0,0,0,0,0,1,0,0
"1413",1,4,1,2,0,1,1,1,3,2
"1414",0,0,0,0,0,0,0,0,0,0
"1415",1,0,0,0,0,0,0,1,1,0
"1416",1,1,1,1,0,2,0,0,2,0
"1417",0,0,0,0,0,0,0,0,0,0
"1418",0,1,0,1,1,0,0,3,0,4
"1419",0,0,0,0,0,0,0,0,0,0
"1420",0,0,0,0,0,0,0,0,0,0
"1421",0,0,0,0,0,0,0,0,0,0
"1422",0,0,0,0,0,0,0,1,0,0
"1423",0,0,1,0,0,0,0,2,1,2
"1424",0,0,0,0,0,0,0,1,1,1
"1425",0,0,0,0,0,0,0,0,0,1
"1426",0,0,0,0,0,0,0,1,0,1
"1427",0,0,0,0,0,0,0,0,0,0
"1428",0,1,1,0,0,0,0,2,1,2
"1429",0,1,0,0,0,0,0,1,1,1
"1430",0,1,0,0,0,0,0,0,1,1
"1431",0,3,0,0,1,0,0,3,0,8
"1432",0,0,0,0,0,0,0,0,0,1
"1433",0,0,0,1,0,0,0,1,1,1
"1434",0,0,0,0,0,1,0,2,1,3
"1435",1,0,1,1,0,1,0,0,2,1
"1436",0,0,0,0,1,1,0,1,1,2
"1437",0,1,0,0,0,0,0,0,0,0
"1438",1,1,0,0,1,1,1,1,0,1
"1439",0,0,0,0,0,0,0,1,0,0
"1440",1,0,0,1,0,0,0,0,1,0
"1441",0,0,0,0,0,0,0,0,0,0
"1442",0,0,0,0,0,0,0,0,0,0
"1443",0,0,0,0,0,0,0,0,0,0
"1444",1,1,0,1,1,0,0,1,1,1
"1445",0,0,0,0,0,0,0,0,0,0
"1446",0,1,1,0,0,0,1,1,0,1
"1447",0,0,0,0,1,0,1,1,0,1
"1448",0,0,0,0,0,0,0,0,0,0
"1449",0,1,0,1,1,0,0,1,0,3
"1450",0,1,0,0,0,0,0,0,0,0
"1451",1,0,0,0,0,0,0,0,1,0
"1452",2,0,0,1,0,2,0,0,2,1
"1453",0,0,0,0,0,0,0,0,0,0
"1454",0,1,0,0,0,0,0,1,0,0
"1455",0,1,0,0,1,0,1,1,0,1
"1456",0,0,0,0,0,0,0,0,0,1
"1457",0,1,0,0,0,0,0,0,0,0
"1458",0,0,0,0,0,0,0,0,0,1
"1459",1,0,1,1,0,0,0,0,1,0
"1460",0,0,0,0,0,0,0,1,0,0
"1461",0,0,0,0,0,0,0,0,0,0
"1462",0,0,0,0,0,0,0,1,0,1
"1463",0,0,0,0,0,1,0,0,2,2
"1464",0,0,0,0,0,0,0,0,0,0
"1465",1,0,1,1,0,2,1,1,2,1
"1466",1,1,1,2,1,1,1,2,2,2
"1467",0,1,0,0,0,0,0,0,0,0
"1468",0,0,0,0,0,0,0,2,0,4
"1469",0,2,0,0,1,0,0,1,0,4
"1470",2,0,1,1,2,1,1,0,3,1
"1471",1,0,0,0,0,0,0,1,0,3
"1472",0,1,0,0,1,0,0,0,0,3
"1473",0,1,0,0,1,0,0,2,0,1
"1474",0,0,0,0,0,0,0,0,0,0
"1475",0,0,0,0,0,0,0,0,0,2
"1476",0,2,0,1,1,1,1,5,1,8
"1477",0,1,0,0,1,0,0,1,1,1
"1478",0,0,0,0,0,0,0,0,0,0
"1479",0,1,0,0,0,0,1,1,0,2
"1480",0,0,0,0,0,0,0,0,0,0
"1481",2,1,0,3,0,0,0,0,1,4
"1482",0,1,0,0,2,0,0,4,0,5
"1483",0,0,0,1,1,0,0,1,3,2
"1484",0,1,0,0,0,0,0,2,0,3
"1485",0,2,0,1,2,0,1,1,0,3
"1486",0,0,0,0,0,0,0,0,0,1
"1487",1,1,0,0,1,1,1,2,3,1
"1488",0,0,0,0,0,0,0,0,0,1
"1489",0,0,0,0,1,0,1,2,0,2
"1490",0,0,0,0,0,0,0,0,1,0
"1491",0,0,0,0,0,0,0,1,0,2
"1492",1,1,0,0,0,0,0,1,1,2
"1493",0,0,0,0,0,0,0,0,0,1
"1494",0,0,0,1,0,1,0,1,2,1
"1495",0,2,0,0,1,0,0,0,0,3
"1496",1,0,0,0,0,0,0,1,0,1
"1497",0,0,0,0,1,1,0,2,0,3
"1498",0,0,0,1,1,1,0,2,1,2
"1499",0,0,0,0,0,0,0,0,0,1
"1500",0,0,0,0,0,0,0,0,0,0
"1501",0,0,1,0,0,0,0,0,0,0
"1502",0,0,0,0,0,0,0,1,1,0
"1503",0,1,0,0,0,1,0,0,1,2
"1504",0,1,0,0,1,0,1,1,0,1
"1505",1,2,1,1,2,1,1,2,1,6
"1506",1,1,0,1,1,1,0,0,1,2
"1507",0,1,0,0,0,0,0,0,0,0
"1508",0,0,0,0,0,0,0,0,0,0
"1509",0,0,0,2,0,2,0,4,2,4
"1510",0,0,0,0,0,0,0,0,0,0
"1511",0,0,0,0,1,0,0,0,0,1
"1512",0,0,0,0,0,0,1,0,1,1
"1513",0,0,0,0,0,0,0,1,0,0
"1514",0,0,0,0,0,1,0,0,1,0
"1515",2,1,0,2,0,0,1,0,3,0
"1516",0,0,0,0,0,0,0,0,0,0
"1517",0,1,0,0,1,0,1,1,0,1
"1518",0,1,0,0,1,0,0,1,0,1
"1519",0,0,0,1,0,0,0,0,0,0
"1520",0,0,0,0,0,0,0,0,0,1
"1521",0,0,0,0,0,0,0,1,0,1
"1522",0,0,0,0,0,0,0,0,0,1
"1523",0,0,0,0,0,0,0,0,0,0
"1524",0,0,0,0,0,0,0,2,1,2
"1525",0,1,0,1,1,0,1,2,1,5
"1526",0,0,1,1,0,0,0,2,1,6
"1527",0,0,0,0,0,0,0,1,0,0
"1528",2,0,0,2,0,3,0,0,2,1
"1529",0,0,0,0,0,0,0,1,0,0
"1530",1,0,0,1,0,1,1,0,1,1
"1531",1,2,1,1,1,1,1,1,1,1
"1532",1,0,1,1,1,1,1,2,1,4
"1533",1,0,1,0,0,1,0,0,3,0
"1534",2,0,2,2,0,2,0,0,2,1
"1535",0,0,0,0,0,0,0,1,0,0
"1536",0,0,0,0,0,0,0,1,0,1
"1537",0,0,1,0,1,0,0,1,1,3
"1538",0,0,0,0,0,0,0,0,0,1
"1539",0,2,0,1,1,0,0,1,2,7
"1540",1,0,0,0,0,0,1,0,1,0
"1541",0,1,0,1,0,0,0,3,1,1
"1542",0,0,0,0,0,0,0,0,0,0
"1543",0,0,0,0,0,0,0,0,0,2
"1544",0,1,0,0,0,0,0,0,1,0
"1545",1,1,0,0,1,0,1,1,1,2
"1546",1,0,0,0,0,0,0,0,1,0
"1547",0,1,1,0,0,0,1,3,0,4
"1548",0,0,0,0,0,0,0,2,2,0
"1549",0,0,0,0,0,0,0,0,0,2
"1550",0,2,0,2,3,0,0,4,0,4
"1551",1,1,1,1,0,1,1,0,2,0
"1552",0,0,0,0,0,0,0,0,0,1
"1553",1,2,0,1,1,0,0,0,2,2
"1554",0,0,0,0,1,1,0,1,1,1
"1555",0,1,0,1,1,1,1,1,0,1
"1556",0,1,0,0,1,1,2,1,2,1
"1557",0,0,0,2,0,2,0,0,2,1
"1558",0,2,1,1,1,0,0,1,0,1
"1559",0,1,0,0,0,0,0,1,0,1
"1560",0,0,0,0,0,0,0,2,1,3
"1561",0,1,0,0,0,0,0,1,0,1
"1562",0,0,0,0,0,0,0,2,0,5
"1563",0,1,0,1,0,0,0,0,3,0
"1564",0,0,0,1,0,0,0,0,1,1
"1565",1,0,0,0,0,0,0,2,1,1
"1566",0,1,0,0,0,0,0,0,0,1
"1567",0,0,0,0,0,0,0,2,0,4
"1568",1,1,0,0,1,0,1,1,0,1
"1569",0,3,0,1,2,0,1,3,0,6
"1570",0,1,0,0,0,0,0,2,0,1
"1571",2,1,2,3,0,3,1,1,2,0
"1572",0,0,0,0,0,0,0,0,0,0
"1573",1,0,0,0,0,0,0,2,1,1
"1574",1,0,0,1,0,0,0,1,1,1
"1575",1,1,1,1,0,1,1,0,1,0
"1576",1,0,0,1,0,1,0,0,2,1
"1577",0,0,0,0,0,0,0,0,0,1
"1578",0,0,0,0,0,0,0,0,0,0
"1579",0,0,0,1,0,1,0,1,1,1
"1580",0,1,0,0,0,0,0,0,0,0
"1581",1,1,1,1,1,2,1,1,2,1
"1582",1,0,1,0,0,0,0,0,1,0
"1583",0,0,0,0,0,0,0,0,0,1
"1584",0,1,0,0,0,0,0,1,0,0
"1585",1,3,1,3,2,3,2,2,4,5
"1586",0,0,1,1,0,1,0,0,1,0
"1587",1,0,0,0,0,1,0,0,1,0
"1588",0,0,0,0,0,0,0,0,0,0
"1589",0,2,0,0,0,0,0,0,0,0
"1590",0,1,0,0,0,0,0,1,1,1
"1591",1,0,0,1,0,2,0,0,2,1
"1592",0,1,0,0,1,0,0,1,0,1
"1593",1,0,0,1,0,1,0,0,1,1
"1594",0,0,0,0,0,0,0,1,0,2
"1595",1,2,1,1,0,1,0,1,1,2
"1596",0,0,0,0,0,0,0,0,0,0
"1597",0,0,0,0,0,0,0,0,0,0
"1598",0,0,0,0,0,0,0,0,0,1
"1599",0,1,0,0,1,0,0,1,0,2
"1600",1,0,1,0,0,1,0,1,1,3
"1601",1,0,1,0,0,0,0,0,1,0
"1602",2,0,0,1,0,1,0,1,2,4
"1603",3,0,1,2,1,1,0,1,3,1
"1604",0,0,0,0,0,0,0,0,0,0
"1605",0,0,0,0,0,0,0,1,0,0
"1606",0,1,0,0,0,0,0,1,0,3
"1607",0,0,0,0,0,0,0,0,0,2
"1608",1,5,0,0,2,0,1,3,2,7
"1609",2,0,0,0,0,1,0,2,3,1
"1610",0,1,0,0,1,1,0,1,1,2
"1611",1,0,0,0,0,0,0,1,1,0
"1612",0,0,0,0,0,0,0,0,0,0
"1613",0,0,0,0,0,0,0,1,0,1
"1614",0,3,0,0,0,0,0,3,0,4
"1615",0,0,0,0,0,0,0,0,0,0
"1616",0,0,0,0,1,0,0,0,0,1
"1617",0,0,0,0,0,0,0,0,0,1
"1618",1,0,1,1,1,1,0,1,1,1
"1619",0,0,0,0,0,0,1,0,1,0
"1620",1,0,1,4,1,2,1,1,4,4
"1621",1,0,1,1,0,1,0,1,2,2
"1622",0,0,0,0,0,0,0,0,1,1
"1623",0,0,0,0,0,1,0,1,1,2
"1624",0,0,0,0,0,0,0,0,0,0
"1625",0,0,0,0,0,0,0,0,0,0
"1626",2,1,4,4,0,2,1,3,4,4
"1627",0,0,0,0,0,0,0,1,0,1
"1628",1,0,1,1,0,1,0,0,1,0
"1629",0,0,0,0,0,0,0,0,0,0
"1630",0,1,0,0,0,0,0,1,0,3
"1631",0,0,0,0,0,0,0,1,0,3
"1632",0,0,0,0,0,1,0,0,1,0
"1633",0,0,0,0,0,0,0,0,0,1
"1634",0,0,0,0,0,0,0,1,0,0
"1635",0,0,0,0,1,1,1,1,0,1
"1636",0,0,1,2,0,0,0,1,1,1
"1637",0,0,0,0,0,0,0,0,0,0
"1638",1,1,1,1,2,1,1,3,1,3
"1639",0,0,0,0,0,0,0,0,0,0
"1640",1,1,1,1,1,0,0,1,1,1
"1641",0,0,0,0,0,0,0,1,0,1
"1642",0,0,0,0,0,0,0,0,0,1
"1643",0,1,0,1,1,0,0,3,1,4
"1644",0,0,0,0,0,0,0,2,0,2
"1645",0,0,0,0,0,0,0,1,0,1
"1646",0,0,0,0,1,0,0,0,0,2
"1647",1,1,0,0,1,0,0,1,0,2
"1648",0,1,0,0,1,0,1,1,0,1
"1649",0,1,1,1,0,0,0,1,2,2
"1650",0,3,0,0,3,0,1,3,0,4
"1651",1,0,0,1,0,0,0,0,1,0
"1652",0,0,0,0,0,0,0,0,0,0
"1653",0,0,1,1,0,0,0,1,1,2
"1654",1,0,0,1,0,1,0,0,1,0
"1655",0,1,0,0,1,0,0,1,0,1
"1656",0,1,0,0,0,0,0,1,0,1
"1657",0,1,0,0,1,1,1,1,1,2
"1658",0,0,0,0,0,0,0,0,0,0
"1659",0,1,0,0,0,0,0,1,0,1
"1660",0,1,0,0,1,1,0,4,0,4
"1661",0,1,0,1,1,0,0,1,0,1
"1662",1,0,0,1,0,1,0,3,2,2
"1663",0,2,0,0,1,0,1,1,0,1
"1664",0,0,0,0,0,0,0,0,0,0
"1665",1,0,1,1,0,0,1,0,1,0
"1666",0,0,0,0,0,0,0,0,0,0
"1667",0,0,0,0,0,0,0,0,0,0
"1668",0,1,0,0,1,0,1,2,1,2
"1669",1,1,1,1,1,1,1,1,1,3
"1670",0,1,0,0,0,0,0,4,0,7
"1671",0,1,0,0,1,0,1,1,0,1
"1672",1,1,0,1,1,0,0,1,1,3
"1673",0,0,0,0,0,0,0,0,0,2
"1674",0,0,0,0,0,1,0,0,0,0
"1675",1,2,0,2,1,0,0,1,1,2
"1676",2,3,1,1,4,1,1,5,1,6
"1677",0,1,0,0,0,0,0,0,0,1
"1678",0,0,0,0,1,0,0,1,0,1
"1679",0,0,0,0,0,0,0,0,0,0
"1680",0,1,0,1,0,0,1,0,1,3
"1681",0,0,0,0,0,0,0,1,0,2
"1682",0,0,0,0,0,0,0,0,0,0
"1683",1,0,0,0,0,0,0,0,2,0
"1684",3,0,3,3,0,3,0,0,3,0
"1685",0,0,0,0,0,0,0,0,0,0
"1686",0,0,0,1,0,1,0,0,1,0
"1687",2,0,1,3,0,3,0,0,6,0
"1688",1,0,0,1,0,1,0,1,2,1
"1689",1,1,1,1,0,1,0,1,1,1
"1690",3,2,2,2,1,4,2,4,6,5
"1691",0,0,0,0,0,0,0,0,0,1
"1692",0,0,0,0,0,0,0,1,0,0
"1693",0,0,0,0,0,0,0,0,0,0
"1694",0,2,1,1,1,1,1,2,1,1
"1695",0,2,0,0,2,1,1,2,1,2
"1696",0,0,0,0,0,0,0,0,0,0
"1697",1,1,2,3,2,0,1,9,4,8
"1698",0,0,0,0,0,0,0,1,0,1
"1699",0,1,0,1,1,0,0,1,1,1
"1700",1,1,0,0,0,0,0,1,1,4
"1701",0,1,0,1,1,1,0,2,1,1
"1702",0,0,0,0,0,0,0,0,0,0
"1703",0,0,0,0,0,0,0,1,0,3
"1704",0,0,2,1,0,2,0,1,3,1
"1705",0,0,0,1,0,1,0,1,2,0
"1706",0,0,0,0,0,0,0,0,0,0
"1707",0,0,0,1,0,0,0,0,1,0
"1708",1,0,0,2,0,0,0,0,2,1
"1709",0,1,0,1,1,1,1,2,2,2
"1710",0,0,0,0,0,0,0,0,0,0
"1711",0,0,0,1,1,1,0,0,1,2
"1712",0,0,0,0,0,0,0,0,1,0
"1713",0,1,0,0,0,0,0,1,0,2
"1714",0,1,0,0,1,0,1,2,0,1
"1715",0,0,0,0,0,0,0,0,0,0
"1716",0,0,0,0,0,0,0,0,0,0
"1717",0,0,0,0,0,0,0,0,0,0
"1718",0,1,0,0,1,0,1,1,0,3
"1719",0,0,0,0,0,0,0,0,0,1
"1720",0,0,0,0,0,0,0,1,0,1
"1721",0,0,0,0,1,0,0,1,0,1
"1722",0,0,0,0,0,0,0,0,1,0
"1723",0,1,0,0,2,0,1,1,0,3
"1724",0,0,0,1,0,1,0,0,2,2
"1725",0,0,0,0,0,0,0,0,0,1
"1726",1,0,0,0,0,0,0,2,1,1
"1727",0,0,0,0,0,0,0,0,0,0
"1728",0,0,0,1,2,1,0,1,1,3
"1729",0,2,0,0,0,0,0,0,0,1
"1730",1,0,0,1,0,0,0,1,1,2
"1731",0,0,0,0,0,0,0,0,0,0
"1732",0,0,0,0,0,0,0,0,0,0
"1733",0,0,0,0,0,0,0,0,0,0
"1734",0,1,0,0,1,1,0,2,2,3
"1735",1,1,1,1,1,1,0,2,1,3
"1736",0,0,1,1,0,0,0,1,1,0
"1737",0,1,0,0,2,0,1,1,0,3
"1738",0,1,0,1,1,1,1,0,1,3
"1739",0,0,0,0,0,0,0,1,0,2
"1740",0,1,0,0,0,0,0,0,0,2
"1741",1,1,0,1,1,1,0,0,1,2
"1742",0,0,0,0,1,0,0,0,0,1
"1743",1,1,0,1,0,0,1,1,2,1
"1744",0,0,0,1,0,0,0,0,0,0
"1745",0,0,0,0,0,0,0,1,0,1
"1746",0,0,0,0,1,0,0,0,0,1
"1747",0,0,0,0,0,0,0,0,0,2
"1748",0,0,0,0,0,0,0,0,0,0
"1749",0,2,0,1,0,1,1,2,1,0
"1750",0,0,0,0,0,0,0,1,0,0
"1751",1,0,0,0,0,0,0,0,1,1
"1752",0,0,0,1,1,1,1,0,1,2
"1753",0,0,0,0,0,0,0,0,0,1
"1754",1,0,0,1,0,1,0,0,2,0
"1755",0,0,0,0,0,0,0,1,0,2
"1756",0,1,0,0,1,0,0,0,0,1
"1757",0,0,0,0,0,0,0,2,0,2
"1758",0,0,0,0,1,0,0,1,0,2
"1759",0,2,0,0,2,0,1,2,0,2
"1760",3,7,2,4,2,2,0,4,7,6
"1761",1,0,0,0,0,0,1,1,2,0
"1762",1,2,0,2,2,2,0,1,2,3
"1763",1,0,0,1,0,0,0,0,3,0
"1764",0,0,0,0,0,0,0,0,0,0
"1765",0,1,0,1,1,0,0,1,1,1
"1766",0,0,0,0,0,0,0,0,0,1
"1767",0,1,0,0,1,0,2,1,0,1
"1768",0,2,0,0,1,1,0,1,1,2
"1769",0,3,0,0,1,0,1,1,0,1
"1770",1,1,1,2,1,1,1,1,1,1
"1771",0,1,0,0,1,0,1,1,1,1
"1772",0,0,0,0,0,0,0,0,0,0
"1773",0,0,0,0,0,0,0,1,0,0
"1774",0,0,0,0,1,0,0,1,0,1
"1775",0,0,0,0,1,0,0,1,0,2
"1776",1,0,1,1,1,0,0,1,1,2
"1777",0,0,1,1,0,1,0,0,1,0
"1778",0,0,0,1,0,0,0,3,1,4
"1779",1,2,0,1,1,0,1,1,1,2
"1780",0,0,0,0,0,0,0,0,0,0
"1781",0,3,0,0,0,0,0,0,0,0
"1782",0,0,0,0,0,0,0,0,0,0
"1783",0,1,0,0,1,0,1,1,2,1
"1784",1,0,0,1,0,1,0,0,1,1
"1785",0,0,0,0,0,0,0,0,0,1
"1786",1,3,1,2,2,1,1,2,1,2
"1787",1,0,0,0,0,0,0,1,1,2
"1788",0,1,0,0,0,0,0,2,0,3
"1789",0,0,0,0,0,0,0,0,0,0
"1790",1,1,1,1,3,1,1,3,1,8
"1791",0,1,0,0,0,0,0,0,0,1
"1792",0,1,0,1,1,1,1,2,0,3
"1793",0,0,0,0,0,0,0,0,0,0
"1794",0,1,0,1,1,1,3,1,3,2
"1795",0,0,1,0,0,2,0,0,2,1
"1796",0,1,0,0,1,0,1,1,0,1
"1797",0,0,0,0,0,2,1,0,3,0
"1798",0,1,0,0,1,0,0,1,0,1
"1799",1,1,0,0,1,0,0,0,1,3
"1800",1,1,0,0,0,0,0,0,1,0
"1801",0,0,0,1,0,1,1,0,1,0
"1802",2,1,1,1,1,1,0,0,2,2
"1803",0,1,0,0,1,0,1,1,0,1
"1804",0,0,0,0,0,0,0,0,0,0
"1805",0,0,0,0,0,0,0,0,1,1
"1806",0,0,0,1,0,1,0,0,1,0
"1807",1,0,2,0,0,1,0,1,2,1
"1808",0,2,1,0,2,0,2,2,0,2
"1809",0,1,0,0,0,0,0,0,0,1
"1810",0,1,0,0,0,0,0,0,0,0
"1811",1,0,0,1,0,0,0,2,1,2
"1812",0,1,0,0,0,0,0,1,0,0
"1813",0,0,0,0,0,1,0,0,1,0
"1814",0,0,0,0,0,0,0,0,0,0
"1815",0,0,0,0,0,1,0,0,3,2
"1816",0,1,0,1,1,1,0,1,1,2
"1817",0,0,0,0,0,0,0,1,1,2
"1818",0,1,0,0,1,0,0,1,0,2
"1819",0,0,0,1,1,1,0,1,1,2
"1820",0,0,1,0,0,0,0,0,1,1
"1821",0,1,0,0,1,0,1,1,0,1
"1822",0,0,0,0,0,0,0,0,0,1
"1823",0,0,0,0,0,0,0,1,0,2
"1824",0,0,1,0,0,1,0,0,1,0
"1825",0,0,0,0,0,0,0,0,0,0
"1826",1,1,2,1,2,2,1,1,3,2
"1827",0,0,0,0,0,0,0,0,0,1
"1828",0,0,0,0,0,0,0,0,0,0
"1829",0,0,0,0,0,0,0,0,0,0
"1830",0,0,0,0,0,0,0,0,0,0
"1831",1,0,1,1,0,0,0,1,1,1
"1832",0,0,0,0,0,1,0,1,1,1
"1833",0,0,0,0,0,0,0,1,0,0
"1834",0,0,0,1,1,1,0,0,0,3
"1835",0,1,0,0,2,0,1,2,0,2
"1836",1,0,1,1,0,1,0,0,1,0
"1837",0,0,0,0,0,0,0,0,0,1
"1838",0,0,0,0,0,0,0,0,0,0
"1839",0,1,0,0,1,0,1,1,1,2
"1840",0,0,0,0,0,0,0,0,0,0
"1841",1,0,0,0,1,0,0,1,1,2
"1842",0,2,0,2,1,0,0,2,0,1
"1843",0,0,1,1,0,0,0,1,1,1
"1844",1,1,1,1,1,1,0,2,1,2
"1845",0,2,0,1,2,0,0,1,0,2
"1846",0,0,0,0,0,0,0,0,0,0
"1847",1,0,0,2,0,1,0,0,2,0
"1848",0,0,0,0,0,0,0,1,0,1
"1849",0,0,0,0,0,0,0,1,0,1
"1850",0,0,0,0,0,1,0,0,2,0
"1851",0,0,0,0,0,0,0,0,0,1
"1852",0,0,0,0,0,0,0,0,0,1
"1853",0,0,0,0,0,0,0,0,0,0
"1854",0,1,0,0,0,0,0,1,0,0
"1855",0,0,0,0,0,0,0,0,0,0
"1856",0,1,0,0,0,0,0,0,0,0
"1857",0,0,0,0,0,0,0,0,0,0
"1858",0,1,1,0,2,0,1,2,1,4
"1859",0,0,0,0,0,0,0,0,0,0
"1860",0,1,0,0,1,0,1,1,0,1
"1861",0,0,0,0,0,0,0,0,0,0
"1862",0,0,0,1,0,1,0,0,1,0
"1863",1,0,0,0,0,1,0,0,1,0
"1864",0,0,0,0,0,0,0,0,0,0
"1865",1,0,0,2,0,2,0,0,2,0
"1866",0,2,0,0,1,0,1,0,0,2
"1867",0,0,0,1,0,0,0,1,1,4
"1868",0,0,1,0,0,0,0,0,1,1
"1869",0,1,0,1,2,1,0,2,2,6
"1870",0,0,0,0,0,0,0,0,0,0
"1871",1,2,1,1,2,1,1,3,3,9
"1872",0,0,0,1,0,0,0,1,1,1
"1873",1,2,1,1,0,1,0,1,1,1
"1874",1,1,1,2,1,0,0,1,2,3
"1875",0,0,0,0,1,0,0,1,0,3
"1876",0,1,0,0,1,1,1,3,1,3
"1877",2,1,1,1,1,0,1,2,2,2
"1878",0,0,0,0,0,0,0,0,0,1
"1879",0,0,0,0,0,0,0,0,0,0
"1880",2,1,1,1,1,1,1,1,3,3
"1881",0,0,0,1,0,1,0,0,1,0
"1882",0,0,1,0,1,1,0,2,1,2
"1883",0,0,0,0,0,0,0,0,0,0
"1884",1,0,0,1,0,0,0,4,2,3
"1885",1,1,1,0,1,1,0,3,3,3
"1886",0,0,0,1,0,1,0,1,1,2
"1887",0,0,0,1,0,1,0,0,1,0
"1888",1,2,0,0,2,0,2,1,1,3
"1889",0,0,0,0,1,0,0,2,0,1
"1890",1,3,1,1,1,2,2,2,1,3
"1891",1,2,0,1,2,0,2,6,1,7
"1892",0,1,0,0,0,0,0,2,0,1
"1893",0,0,0,0,1,0,0,3,0,5
"1894",1,0,0,1,1,0,0,4,2,3
"1895",1,0,1,1,0,1,0,0,1,1
"1896",0,0,0,0,0,0,0,0,0,0
"1897",0,0,0,0,0,0,0,1,0,1
"1898",0,0,0,0,0,0,0,0,0,0
"1899",0,2,0,0,1,0,0,2,0,4
"1900",0,0,0,0,0,0,0,0,0,0
"1901",0,0,0,0,0,0,0,0,0,0
"1902",0,1,0,0,1,0,1,1,0,1
"1903",0,2,0,0,1,0,0,1,1,2
"1904",0,1,0,1,0,0,0,2,0,5
"1905",0,0,0,0,0,0,0,0,0,0
"1906",0,0,0,0,0,0,0,0,0,0
"1907",0,0,0,0,0,0,0,0,0,0
"1908",0,1,1,2,0,0,0,1,1,1
"1909",0,0,0,0,0,0,0,0,0,0
"1910",1,2,1,2,0,2,1,1,2,1
"1911",0,1,0,0,0,0,0,0,0,0
"1912",0,1,0,0,0,1,0,1,1,0
"1913",0,0,0,0,0,0,0,0,0,1
"1914",0,0,1,0,0,0,0,2,1,2
"1915",0,2,0,0,2,0,1,5,0,6
"1916",0,0,0,0,0,0,0,0,0,0
"1917",0,1,0,2,1,2,0,3,2,5
"1918",0,0,0,0,0,0,0,0,1,2
"1919",0,0,0,2,0,1,1,0,4,0
"1920",0,0,0,0,0,0,0,0,0,2
"1921",0,1,0,0,1,0,1,1,0,1
"1922",0,0,0,0,0,0,0,0,0,0
"1923",0,1,0,0,1,0,0,2,0,2
"1924",0,0,0,0,0,0,0,0,0,0
"1925",0,0,0,0,0,0,0,0,0,1
"1926",0,0,0,0,0,0,0,0,0,1
"1927",0,0,0,0,0,0,0,1,0,1
"1928",0,1,0,0,0,0,0,1,0,1
"1929",0,0,0,1,0,0,0,1,1,2
"1930",0,0,0,0,0,0,0,1,0,2
"1931",0,1,0,2,1,1,0,1,1,1
"1932",0,1,0,0,2,1,0,4,1,5
"1933",0,1,0,0,1,0,1,1,0,1
"1934",0,1,0,0,0,0,0,1,0,0
"1935",0,0,0,0,0,0,0,0,0,0
"1936",0,1,0,1,1,0,0,2,0,3
"1937",0,0,1,1,0,0,0,1,1,3
"1938",1,0,0,0,0,0,0,0,1,0
"1939",0,1,0,0,2,0,0,1,0,3
"1940",0,0,0,0,0,0,0,0,0,0
"1941",1,0,0,0,0,0,0,1,1,1
"1942",0,0,0,0,0,0,0,0,0,0
"1943",0,0,0,0,0,0,0,0,0,0
"1944",2,0,1,1,0,1,0,0,3,0
"1945",0,3,0,3,2,1,0,3,5,3
"1946",0,0,0,0,0,0,0,0,0,0
"1947",0,0,0,0,0,0,1,0,0,2
"1948",1,1,0,0,0,0,0,1,1,1
"1949",4,0,1,3,1,1,1,1,6,1
"1950",0,1,0,0,1,0,1,1,0,1
"1951",0,0,0,0,0,0,1,0,0,1
"1952",0,0,0,1,0,1,0,1,1,2
"1953",0,0,0,0,0,0,0,0,0,0
"1954",0,1,0,0,0,0,0,0,0,0
"1955",0,0,0,0,0,0,0,1,1,0
"1956",0,1,0,0,1,1,0,1,1,1
"1957",0,0,0,0,0,0,0,1,1,1
"1958",0,0,0,0,0,0,0,0,0,0
"1959",0,0,0,0,1,0,0,3,0,5
"1960",0,1,0,0,0,0,0,0,1,1
"1961",0,0,0,0,0,0,0,0,0,0
"1962",0,2,1,0,1,0,1,1,0,1
"1963",0,0,0,0,1,0,0,2,0,2
"1964",0,0,0,0,0,0,0,0,0,0
"1965",1,1,0,0,0,0,0,2,2,1
"1966",0,2,0,0,3,1,0,2,1,5
"1967",0,1,0,0,0,0,0,0,3,1
"1968",1,0,0,1,0,1,0,1,1,1
"1969",0,0,0,1,0,1,0,0,2,1
"1970",1,0,0,1,0,0,0,0,0,0
"1971",0,1,0,0,0,0,0,0,0,2
"1972",1,1,0,1,0,0,0,2,0,2
"1973",1,1,0,0,0,0,0,0,1,0
"1974",0,1,0,0,0,0,0,1,0,0
"1975",0,1,0,0,2,0,0,2,0,5
"1976",1,1,0,3,1,0,1,1,4,1
"1977",2,0,2,2,0,2,0,0,2,0
"1978",0,0,0,0,0,0,0,0,0,0
"1979",2,3,3,1,3,2,0,5,4,7
"1980",0,0,0,0,0,0,0,0,0,0
"1981",0,0,0,0,0,0,0,0,0,1
"1982",0,0,0,0,0,0,0,0,0,0
"1983",1,0,0,0,0,0,0,0,1,0
"1984",1,2,1,2,1,1,1,2,1,2
"1985",0,0,0,0,0,0,0,0,0,1
"1986",0,0,0,0,1,0,0,0,0,1
"1987",1,1,0,1,1,0,1,0,1,2
"1988",1,1,1,1,1,1,1,1,2,1
"1989",0,0,1,0,0,0,0,0,1,0
"1990",1,1,0,1,0,1,0,1,3,1
"1991",0,0,0,0,0,0,0,0,0,0
"1992",2,0,1,2,0,0,1,0,2,1
"1993",0,3,0,0,4,0,3,3,1,6
"1994",0,1,0,0,1,0,1,2,0,3
"1995",0,0,0,0,0,0,1,0,0,1
"1996",0,0,0,0,0,0,0,0,0,1
"1997",2,1,1,1,1,1,0,2,4,4
"1998",0,2,0,3,0,3,0,1,4,1
"1999",0,0,0,1,0,1,0,0,2,1
"2000",0,0,1,0,0,1,0,0,2,1
"2001",0,0,0,0,0,0,0,0,0,1
"2002",1,0,0,1,0,0,0,2,1,3
"2003",0,0,0,0,0,1,0,0,1,0
"2004",1,1,0,2,1,0,2,2,1,2
"2005",1,1,0,0,2,0,1,2,1,3
"2006",0,0,0,1,1,0,0,1,0,2
"2007",0,1,0,2,0,2,0,1,3,0
"2008",0,0,0,0,0,0,0,2,0,2
"2009",3,2,0,2,1,2,0,2,4,2
"2010",1,0,1,1,0,1,0,0,1,0
"2011",0,0,0,0,0,0,0,0,0,1
"2012",0,0,0,0,0,0,0,1,0,1
"2013",0,0,1,0,1,0,0,0,0,2
"2014",0,1,0,0,0,0,0,0,0,0
"2015",0,0,0,0,0,0,0,0,0,0
"2016",0,1,0,0,1,0,1,2,0,2
"2017",0,1,0,1,1,1,1,0,1,4
"2018",0,2,0,0,1,0,0,1,0,2
"2019",0,0,0,0,1,0,0,0,0,1
"2020",0,0,0,0,0,0,0,0,0,0
"2021",0,0,0,0,0,0,0,0,0,4
"2022",0,1,0,0,0,0,0,0,1,0
"2023",0,0,0,0,0,0,0,2,0,2
"2024",0,0,0,0,0,0,0,0,0,1
"2025",0,0,0,0,0,0,0,0,0,0
"2026",0,0,0,0,0,1,1,0,1,0
"2027",1,0,0,0,0,0,0,1,0,1
"2028",1,0,0,1,0,1,0,0,1,0
"2029",0,0,0,0,0,0,0,0,0,0
"2030",0,0,0,0,0,0,0,0,0,1
"2031",0,1,0,0,0,0,0,2,0,1
"2032",0,0,0,0,0,0,0,1,0,0
"2033",0,0,0,0,0,0,0,0,3,0
"2034",0,0,0,0,2,0,0,1,0,3
"2035",0,0,0,0,0,0,0,0,0,1
"2036",0,1,0,0,0,0,0,1,0,1
"2037",1,1,0,0,1,0,1,3,5,4
"2038",0,2,0,0,2,0,1,2,0,2
"2039",1,2,0,1,1,0,1,3,0,11
"2040",0,0,0,0,0,0,0,0,0,0
"2041",0,2,0,1,0,0,1,0,1,1
"2042",1,0,0,3,0,0,0,2,2,3
"2043",0,0,0,0,0,0,0,0,0,0
"2044",1,0,0,1,0,0,0,0,1,1
"2045",0,0,0,0,0,0,0,2,0,1
"2046",0,0,0,0,0,0,0,0,0,0
"2047",0,0,0,0,1,0,0,0,0,1
"2048",0,0,0,0,0,0,0,0,0,0
"2049",1,1,0,1,1,1,0,1,1,4
"2050",1,0,0,1,0,1,0,1,1,0
"2051",3,1,2,2,1,1,1,2,3,3
"2052",0,0,0,0,0,0,0,0,0,0
"2053",0,0,0,1,0,0,0,0,0,2
"2054",0,0,0,0,0,0,0,0,0,1
"2055",1,1,1,1,0,1,0,1,1,0
"2056",0,0,0,0,0,0,0,0,0,0
"2057",0,0,0,0,0,0,0,0,0,0
"2058",0,0,0,0,0,0,0,0,0,0
"2059",0,4,0,0,4,0,2,2,0,5
"2060",1,4,0,1,0,1,1,2,2,2
"2061",0,0,0,0,0,0,0,0,0,0
"2062",0,0,0,1,0,0,0,0,0,0
"2063",0,0,0,0,0,0,0,1,0,0
"2064",0,0,0,0,0,0,0,0,1,1
"2065",0,2,0,0,2,1,2,1,1,3
"2066",0,0,0,0,0,0,0,0,0,1
"2067",0,0,0,0,0,0,0,0,0,1
"2068",0,1,0,0,0,0,0,0,1,1
"2069",0,1,0,0,0,0,0,1,1,1
"2070",0,1,0,0,1,0,0,2,0,1
"2071",0,0,0,1,0,1,0,0,1,0
"2072",0,2,0,0,2,1,1,2,0,3
"2073",0,2,0,0,0,0,0,0,0,0
"2074",1,0,0,0,0,0,0,1,0,3
"2075",0,0,0,0,0,1,0,1,1,1
"2076",0,1,0,0,0,0,0,2,0,4
"2077",0,0,0,0,0,0,0,0,0,1
"2078",0,1,0,1,2,0,0,1,2,3
"2079",1,1,0,0,1,0,1,1,1,2
"2080",0,0,0,0,2,0,0,3,2,3
"2081",0,0,0,0,0,0,0,0,0,1
"2082",0,1,0,0,0,0,0,1,0,2
"2083",0,1,0,0,1,0,0,1,0,1
"2084",0,2,0,2,3,2,2,4,4,6
"2085",0,0,0,1,0,0,0,0,1,0
"2086",1,2,0,0,2,0,0,1,1,1
"2087",0,0,0,0,0,0,0,1,0,0
"2088",0,2,0,0,1,0,0,2,1,3
"2089",1,0,0,1,0,0,0,0,2,0
"2090",1,0,0,1,1,0,0,2,1,3
"2091",1,1,0,2,1,0,1,0,1,1
"2092",0,1,0,0,0,0,0,0,0,4
"2093",0,0,0,0,0,0,0,0,0,0
"2094",1,0,1,1,0,0,0,0,3,0
"2095",1,0,0,1,0,0,0,1,1,3
"2096",1,0,2,2,1,2,0,0,3,1
"2097",0,0,0,0,0,1,0,0,1,0
"2098",1,0,0,1,0,1,0,1,1,1
"2099",0,0,0,1,0,0,0,0,1,2
"2100",0,0,0,0,0,0,0,0,0,0
"2101",2,0,0,3,0,0,0,0,3,1
"2102",1,0,1,0,0,0,0,0,2,0
"2103",0,0,1,1,0,0,0,1,2,1
"2104",0,2,0,0,2,0,1,4,0,3
"2105",1,2,0,0,1,0,0,3,1,3
"2106",1,1,1,3,0,2,0,2,5,2
"2107",0,1,0,0,0,0,1,2,1,2
"2108",0,0,0,0,0,0,0,1,0,3
"2109",0,1,0,0,1,0,0,1,0,2
"2110",0,0,0,0,0,0,0,0,0,2
"2111",1,2,1,1,2,1,1,1,2,3
"2112",0,1,0,0,0,0,0,0,1,0
"2113",0,2,0,0,0,0,0,0,0,2
"2114",0,0,0,0,0,0,0,0,0,0
"2115",0,0,0,0,0,0,0,0,0,1
"2116",0,1,0,1,0,1,1,0,1,0
"2117",0,0,0,0,1,0,0,2,0,2
"2118",1,1,1,1,1,1,1,1,1,2
"2119",0,0,0,0,0,0,0,0,0,0
"2120",1,1,2,1,1,1,0,0,2,1
"2121",0,1,0,0,1,0,1,1,0,1
"2122",0,0,0,0,0,0,0,2,1,2
"2123",0,0,0,1,0,1,0,0,1,1
"2124",0,0,0,0,0,0,0,0,0,1
"2125",1,1,0,0,1,1,1,1,1,1
"2126",0,0,0,0,0,0,0,0,0,0
"2127",0,0,0,0,0,0,0,0,0,0
"2128",1,0,0,0,1,0,0,2,2,2
"2129",0,0,0,0,0,0,0,0,0,0
"2130",1,1,0,1,0,1,1,0,1,1
"2131",0,2,0,0,1,0,0,2,0,4
"2132",0,0,0,0,0,0,0,1,1,1
"2133",0,2,0,0,1,1,1,1,2,1
"2134",0,0,0,0,0,0,0,0,0,0
"2135",1,1,0,0,1,4,0,1,5,1
"2136",1,0,0,0,0,0,0,2,1,1
"2137",0,0,0,0,0,0,0,0,1,0
"2138",0,0,0,0,0,0,0,1,1,0
"2139",0,0,0,0,0,0,0,0,0,1
"2140",3,4,1,1,4,1,3,4,3,5
"2141",0,0,0,0,0,0,0,1,0,1
"2142",1,0,1,0,0,0,0,2,1,1
"2143",1,0,0,2,0,2,0,1,2,1
"2144",0,0,0,0,0,0,0,0,0,0
"2145",0,0,0,0,0,0,0,0,0,0
"2146",0,0,0,0,0,0,0,1,1,0
"2147",0,0,0,0,0,0,1,0,0,1
"2148",0,1,0,0,0,0,1,2,2,2
"2149",0,1,0,0,0,0,0,0,0,1
"2150",0,0,0,0,0,0,0,1,0,0
"2151",1,1,1,0,0,1,0,1,2,1
"2152",1,0,1,2,0,1,1,1,4,2
"2153",0,0,0,0,0,0,0,0,0,1
"2154",0,0,0,1,0,0,0,0,1,0
"2155",0,1,0,1,2,1,1,3,1,3
"2156",0,1,0,0,1,1,1,1,0,1
"2157",0,0,0,0,0,0,0,0,0,0
"2158",0,0,0,0,0,0,0,0,0,0
"2159",0,0,0,0,0,0,0,0,0,0
"2160",0,0,0,0,0,0,0,1,0,1
"2161",1,2,0,0,0,0,0,2,1,3
"2162",0,1,0,0,1,0,1,3,1,5
"2163",0,1,0,1,0,0,0,1,1,4
"2164",0,0,1,1,0,0,0,0,1,1
"2165",0,0,0,1,0,0,0,1,2,2
"2166",1,0,1,0,0,0,0,0,2,0
"2167",0,0,0,0,0,0,0,0,0,0
"2168",1,0,0,0,0,0,0,0,1,0
"2169",0,0,0,0,0,0,0,0,0,1
"2170",0,1,0,0,0,0,0,1,0,3
"2171",0,1,0,0,0,0,0,2,0,0
"2172",0,0,0,0,0,0,0,0,0,0
"2173",1,0,0,1,0,0,0,2,1,2
"2174",1,0,0,1,0,0,0,1,1,0
"2175",0,1,0,2,2,1,2,1,2,4
"2176",0,0,0,0,0,0,0,0,0,0
"2177",0,1,0,0,1,0,0,2,1,5
"2178",0,0,0,0,0,0,0,0,0,1
"2179",2,0,2,2,0,1,1,0,2,0
"2180",0,2,0,0,1,0,0,1,0,4
"2181",0,0,0,0,0,0,0,1,0,1
"2182",0,1,0,0,0,0,0,1,0,1
"2183",0,0,0,0,0,0,0,1,1,1
"2184",0,1,0,1,0,1,0,0,1,0
"2185",0,0,0,1,0,0,0,0,0,1
"2186",0,0,0,0,0,0,0,1,0,1
"2187",0,1,0,0,0,0,0,0,1,3
"2188",0,0,0,0,0,0,0,1,0,0
"2189",0,1,0,0,0,0,0,0,0,1
"2190",0,0,1,0,0,0,0,0,1,2
"2191",1,0,1,3,0,1,0,0,4,7
"2192",0,1,0,1,0,0,0,0,2,2
"2193",0,0,0,0,0,0,0,0,0,0
"2194",0,0,0,0,0,0,0,0,0,1
"2195",0,1,0,0,1,0,1,2,0,2
"2196",0,0,0,0,0,0,0,0,0,1
"2197",0,0,0,0,0,0,0,1,0,0
"2198",5,1,3,4,5,2,2,5,6,6
"2199",0,0,0,0,0,0,0,0,0,1
"2200",0,0,0,0,0,0,0,0,0,1
"2201",0,1,0,0,0,0,0,1,0,2
"2202",0,0,0,1,0,1,0,0,1,0
"2203",0,1,0,0,1,0,0,2,0,3
"2204",0,0,0,0,0,0,0,0,0,0
"2205",1,0,0,0,0,1,0,0,1,0
"2206",0,0,0,0,0,0,0,0,0,0
"2207",0,1,0,0,2,0,2,2,0,2
"2208",0,0,0,0,0,0,0,0,0,0
"2209",1,0,1,1,0,0,0,2,2,3
"2210",0,0,0,0,0,0,0,1,0,0
"2211",0,1,0,0,1,0,1,1,0,1
"2212",0,0,0,0,0,0,0,0,0,0
"2213",0,0,0,0,0,0,0,0,0,0
"2214",0,0,0,0,0,0,0,1,0,2
"2215",0,1,0,0,0,0,0,0,0,0
"2216",0,2,0,1,1,0,0,2,0,3
"2217",0,0,0,0,0,0,0,0,0,0
"2218",0,0,0,0,0,1,0,0,1,3
"2219",0,0,0,0,0,0,0,0,0,0
"2220",0,0,0,0,0,0,0,0,0,0
"2221",0,0,0,1,0,1,0,0,1,0
"2222",0,0,0,0,0,0,0,0,0,0
"2223",0,0,0,0,0,0,0,0,0,0
"2224",0,0,0,0,0,0,0,0,0,0
"2225",0,0,0,0,0,0,0,0,0,1
"2226",0,0,0,0,0,0,0,1,0,1
"2227",0,0,0,0,0,0,0,1,0,1
"2228",0,0,0,1,1,0,0,1,0,1
"2229",0,0,0,0,0,0,0,1,1,0
"2230",0,0,0,0,0,0,0,0,0,0
"2231",0,1,0,0,1,0,0,2,0,2
"2232",0,0,0,0,0,0,0,0,0,0
"2233",0,1,0,0,1,1,0,3,1,1
"2234",0,1,0,0,1,0,0,2,0,3
"2235",0,0,0,0,0,0,0,0,0,1
"2236",0,0,0,0,1,1,0,0,1,1
"2237",0,0,0,0,0,0,0,0,0,1
"2238",1,1,0,1,1,0,1,1,0,1
"2239",0,1,0,0,1,0,0,3,0,3
"2240",0,0,0,0,0,0,0,0,0,1
"2241",1,0,0,0,0,0,0,0,1,1
"2242",0,1,0,0,1,0,1,1,0,1
"2243",0,0,0,0,0,0,0,0,0,1
"2244",0,0,0,0,0,0,0,0,0,1
"2245",0,2,0,0,0,0,0,0,0,0
"2246",1,0,0,0,0,0,0,1,1,0
"2247",0,0,0,0,0,0,0,0,0,0
"2248",0,0,0,0,0,0,0,0,0,0
"2249",0,0,0,0,0,0,0,0,2,0
"2250",1,1,0,0,1,0,1,2,0,2
"2251",0,2,0,0,1,1,1,0,0,5
"2252",0,0,0,0,0,0,0,0,0,1
"2253",0,0,0,0,0,0,0,0,0,0
"2254",0,0,1,0,1,0,0,0,1,1
"2255",0,0,0,0,0,0,0,0,0,0
"2256",0,0,0,0,0,0,0,0,0,1
"2257",0,0,0,0,0,0,0,1,0,1
"2258",0,1,0,0,1,0,0,1,0,3
"2259",0,1,1,0,4,1,0,4,2,4
"2260",1,3,1,2,2,3,1,2,3,3
"2261",0,2,0,0,1,0,1,5,1,5
"2262",0,0,0,0,0,0,0,1,0,0
"2263",0,1,0,0,1,1,1,1,1,1
"2264",0,0,0,0,0,0,0,1,0,1
"2265",0,0,0,1,0,1,0,3,1,2
"2266",3,1,3,2,2,1,1,2,3,3
"2267",0,0,0,0,0,0,0,0,0,2
"2268",0,3,0,0,0,0,1,0,0,0
"2269",0,0,0,0,0,1,0,1,1,2
"2270",0,1,0,0,1,0,1,1,0,1
"2271",0,0,0,1,0,1,0,0,1,1
"2272",1,0,0,3,0,1,1,1,6,1
"2273",0,0,0,0,0,0,0,0,0,0
"2274",0,0,0,0,0,0,0,0,0,0
"2275",0,0,0,0,0,1,0,0,2,0
"2276",0,0,0,0,0,0,0,0,0,0
"2277",2,1,0,1,0,1,0,0,3,1
"2278",0,0,0,0,0,0,0,1,0,1
"2279",0,0,0,0,0,0,0,1,0,2
"2280",1,1,1,0,1,0,1,1,1,2
"2281",0,0,0,1,0,0,0,0,1,1
"2282",0,0,0,0,0,0,0,1,0,0
"2283",0,0,0,0,0,0,0,0,0,0
"2284",0,0,0,0,0,0,0,0,0,0
"2285",0,1,0,0,1,0,0,1,0,1
"2286",0,0,0,0,1,0,0,1,0,1
"2287",1,1,0,1,0,1,0,1,2,1
"2288",0,0,0,0,0,0,0,0,1,0
"2289",1,1,1,1,1,1,1,1,2,1
"2290",0,0,0,0,1,0,0,1,0,2
"2291",0,1,0,0,0,0,0,0,0,1
"2292",0,1,1,0,2,0,1,2,0,4
"2293",0,0,0,0,0,0,0,1,0,2
"2294",2,2,0,0,1,1,1,1,2,2
"2295",0,0,0,0,0,0,0,0,0,0
"2296",0,0,0,0,0,0,0,0,0,1
"2297",3,0,1,3,0,3,0,1,3,2
"2298",0,0,0,0,0,0,0,0,0,1
"2299",1,0,0,0,0,0,0,1,1,1
"2300",0,0,0,0,0,0,0,0,0,0
"2301",0,0,0,0,1,0,0,1,0,1
"2302",0,0,1,1,0,0,0,1,1,1
"2303",0,0,0,0,1,0,1,2,0,3
"2304",0,0,0,0,0,0,2,0,0,1
"2305",0,1,0,0,0,0,0,0,0,1
"2306",0,3,1,1,3,0,0,3,3,4
"2307",0,2,0,0,3,0,0,2,1,4
"2308",0,4,0,0,3,2,2,1,1,5
"2309",0,1,0,1,1,0,1,2,1,5
"2310",0,0,0,0,0,0,0,1,0,1
"2311",2,1,2,2,0,1,0,0,2,1
"2312",2,0,1,2,0,1,2,0,2,0
"2313",1,0,0,0,0,0,0,0,1,2
"2314",0,0,0,0,0,1,0,0,1,1
"2315",1,0,0,1,0,2,2,0,4,0
"2316",0,2,0,1,1,1,2,3,1,4
"2317",0,0,0,0,0,0,0,0,0,0
"2318",0,0,0,0,0,0,0,0,0,0
"2319",1,0,0,0,1,0,0,1,1,1
"2320",0,2,0,1,3,0,1,2,1,3
"2321",0,0,0,0,0,0,0,0,0,0
"2322",1,2,1,1,0,1,1,0,1,0
"2323",0,2,0,1,1,3,1,2,3,2
"2324",0,0,0,0,0,0,0,0,1,0
"2325",0,2,0,1,2,0,1,5,0,4
"2326",0,0,0,0,0,0,0,1,0,2
"2327",0,0,0,0,0,0,0,0,0,0
"2328",0,0,0,0,0,0,0,0,0,0
"2329",2,1,2,2,1,2,1,1,3,2
"2330",1,0,0,0,1,0,0,2,2,3
"2331",0,0,0,0,0,0,0,0,0,1
"2332",0,0,0,0,0,0,0,0,1,0
"2333",0,0,0,0,0,0,0,0,0,0
"2334",0,1,0,0,0,0,0,3,0,2
"2335",0,0,0,0,0,0,0,1,0,1
"2336",1,3,0,0,3,1,2,2,1,5
"2337",0,1,0,0,0,0,0,1,0,2
"2338",0,0,1,0,0,0,0,0,1,0
"2339",0,0,0,0,0,0,0,1,1,1
"2340",0,1,1,0,1,0,1,2,0,4
"2341",0,0,0,0,0,0,0,0,0,0
"2342",0,0,0,0,0,0,0,2,0,0
"2343",1,0,0,0,0,0,0,0,1,0
"2344",1,0,0,0,0,1,0,0,1,3
"2345",0,2,0,0,2,0,1,2,0,2
"2346",0,1,0,0,1,0,0,3,2,1
"2347",2,1,1,2,1,1,0,4,1,5
"2348",0,1,0,0,0,0,0,0,0,1
"2349",0,0,0,0,0,1,0,1,1,1
"2350",0,1,0,0,0,0,0,2,0,3
"2351",0,1,0,1,1,0,0,1,0,1
"2352",0,0,0,0,0,1,0,0,1,0
"2353",0,0,0,0,0,0,0,1,0,0
"2354",0,0,0,0,0,1,0,1,1,2
"2355",0,2,0,0,1,0,1,0,0,1
"2356",0,0,0,0,0,0,0,0,0,2
"2357",0,1,0,0,1,0,1,1,0,2
"2358",0,0,0,0,0,1,0,0,1,2
"2359",0,0,0,0,0,0,0,0,0,0
"2360",0,0,0,0,0,0,0,0,0,0
"2361",0,0,0,0,0,0,0,0,0,0
"2362",0,1,0,0,0,0,0,2,0,1
"2363",3,1,4,5,1,6,1,3,8,2
"2364",0,0,0,0,0,0,0,3,0,4
"2365",0,0,0,0,0,0,0,0,0,0
"2366",0,0,0,0,0,0,0,0,0,2
"2367",0,2,0,0,0,0,0,0,1,1
"2368",0,0,0,0,0,0,0,1,0,1
"2369",0,0,0,0,0,0,0,0,1,0
"2370",0,0,0,1,0,0,0,0,1,0
"2371",0,0,0,0,0,0,0,0,0,0
"2372",0,0,0,0,0,0,0,0,0,2
"2373",0,0,0,0,0,0,0,1,0,2
"2374",0,0,0,0,0,0,0,0,0,0
"2375",0,0,0,0,1,0,0,1,0,1
"2376",0,0,1,0,0,0,0,0,1,2
"2377",0,1,0,0,0,0,0,2,0,0
"2378",0,0,0,0,0,0,0,1,0,0
"2379",0,0,0,0,0,0,0,1,0,0
"2380",0,0,0,0,0,0,0,0,1,0
"2381",0,0,0,0,0,0,0,2,0,1
"2382",0,1,0,0,2,0,0,2,0,2
"2383",0,0,0,0,0,1,0,3,0,2
"2384",0,1,0,0,2,0,0,2,0,4
"2385",1,1,0,2,0,1,0,1,1,3
"2386",0,0,0,0,0,0,0,2,0,3
"2387",0,0,0,0,0,0,0,0,0,2
"2388",0,2,1,3,2,2,1,3,5,3
"2389",0,0,0,0,0,0,0,0,0,0
"2390",0,0,0,0,0,0,0,0,0,0
"2391",0,0,0,0,0,0,0,0,0,0
"2392",0,0,0,0,0,0,0,0,0,0
"2393",0,0,0,0,0,0,0,1,1,1
"2394",0,0,0,0,0,0,0,2,0,2
"2395",0,0,0,0,0,0,0,1,1,0
"2396",3,0,3,1,0,0,0,0,3,0
"2397",1,1,0,0,3,0,1,2,1,6
"2398",0,1,0,0,0,0,2,0,0,0
"2399",0,0,0,0,0,0,0,2,0,2
"2400",1,1,0,0,0,0,0,0,1,0
"2401",0,0,0,0,0,1,1,0,1,0
"2402",0,2,0,0,0,0,0,1,0,1
"2403",0,0,0,0,0,0,0,0,0,0
"2404",2,1,0,1,2,1,1,2,3,2
"2405",0,0,0,0,0,0,0,0,0,0
"2406",1,0,1,1,0,2,0,0,2,0
"2407",0,0,0,0,0,0,0,0,1,0
"2408",0,1,0,1,0,1,0,1,2,4
"2409",1,1,1,1,0,1,1,0,2,1
"2410",0,0,0,0,0,0,0,1,0,1
"2411",0,1,0,0,0,0,0,1,1,5
"2412",0,2,1,1,1,1,0,3,2,2
"2413",1,0,0,0,0,0,0,0,1,0
"2414",0,1,1,0,2,0,0,1,2,5
"2415",0,1,0,1,0,0,0,2,0,2
"2416",0,0,0,1,0,2,0,0,3,0
"2417",0,2,0,1,0,1,1,1,1,2
"2418",0,1,0,0,0,0,0,1,0,1
"2419",0,1,0,0,1,0,1,2,0,2
"2420",0,0,0,0,0,0,0,2,0,3
"2421",0,1,1,0,1,0,0,2,1,1
"2422",0,0,0,0,0,0,0,0,0,1
"2423",0,1,0,1,1,0,1,2,1,2
"2424",1,0,0,0,0,0,0,1,1,2
"2425",0,1,0,0,1,0,1,1,0,1
"2426",1,1,1,1,1,1,0,2,1,2
"2427",0,0,0,0,0,0,0,0,0,0
"2428",0,0,0,0,0,0,0,0,0,0
"2429",0,0,0,0,0,0,0,0,0,1
"2430",0,0,0,1,0,1,0,2,1,3
"2431",2,1,1,1,1,1,1,1,2,1
"2432",0,1,0,0,2,0,1,2,0,4
"2433",0,0,0,0,0,0,0,0,0,0
"2434",0,0,0,0,0,0,0,0,1,1
"2435",1,0,1,1,0,2,1,0,2,0
"2436",0,0,0,0,0,0,0,0,0,0
"2437",0,0,0,0,0,0,0,0,0,1
"2438",0,0,0,0,0,0,0,1,0,1
"2439",0,0,0,0,0,0,0,0,0,1
"2440",0,1,0,0,0,0,0,1,0,1
"2441",1,1,0,0,0,0,0,0,1,0
"2442",0,0,0,0,0,0,0,0,0,0
"2443",1,0,1,2,0,1,0,2,3,4
"2444",0,2,0,0,2,0,3,2,1,3
"2445",0,2,0,1,2,0,1,2,1,3
"2446",0,1,0,0,2,0,1,3,0,5
"2447",0,0,0,1,0,0,0,1,0,5
"2448",0,1,0,0,1,0,0,1,1,1
"2449",0,0,0,0,0,0,0,0,0,0
"2450",0,0,0,0,0,0,0,0,0,0
"2451",0,0,0,0,0,0,0,0,0,0
"2452",0,0,0,0,0,0,0,2,0,1
"2453",0,0,0,1,0,1,0,0,1,0
"2454",0,2,0,1,0,0,0,2,0,2
"2455",1,4,2,3,4,2,1,5,6,7
"2456",1,1,0,1,0,0,0,0,1,0
"2457",0,0,0,0,0,0,0,0,1,0
"2458",0,1,0,0,1,0,0,2,1,2
"2459",0,0,0,0,0,2,1,0,2,0
"2460",0,1,0,0,1,1,1,1,1,2
"2461",0,0,0,0,0,1,0,0,1,0
"2462",0,0,0,0,0,1,0,0,1,0
"2463",0,0,0,0,0,0,0,0,1,0
"2464",1,0,0,0,0,0,0,0,1,1
"2465",0,0,0,0,0,0,0,0,0,1
"2466",0,0,0,0,0,0,0,0,0,0
"2467",0,0,0,0,0,0,0,0,0,0
"2468",0,1,0,0,1,0,1,1,0,1
"2469",0,0,0,0,0,0,0,0,0,0
"2470",0,1,1,1,1,0,1,1,2,4
"2471",1,0,1,1,0,1,0,0,3,2
"2472",0,0,0,0,0,0,0,1,0,0
"2473",3,0,1,1,0,2,0,0,3,0
"2474",0,0,0,0,1,0,0,1,0,1
"2475",0,0,0,0,1,0,0,1,0,1
"2476",0,0,0,0,0,0,0,1,0,0
"2477",0,0,0,0,0,0,0,0,0,1
"2478",0,0,0,0,0,0,0,0,0,0
"2479",0,0,0,0,0,0,1,0,0,1
"2480",0,1,0,0,3,0,0,0,0,3
"2481",0,0,0,0,0,0,0,2,0,1
"2482",1,2,1,2,0,1,1,4,2,4
"2483",1,0,0,1,0,0,0,0,1,1
"2484",0,0,0,0,0,0,0,1,0,1
"2485",1,2,0,0,2,0,2,2,0,2
"2486",0,0,0,0,0,0,0,0,1,0
"2487",0,0,0,0,0,0,0,1,0,0
"2488",0,0,0,0,0,0,0,0,0,0
"2489",0,1,0,0,2,0,1,2,1,3
"2490",0,1,0,0,1,0,0,0,0,1
"2491",1,0,1,2,1,2,0,0,2,1
"2492",0,0,0,0,0,0,0,0,0,1
"2493",0,0,0,0,0,0,0,0,0,1
"2494",0,0,0,1,0,1,0,1,1,1
"2495",0,0,1,1,0,0,0,1,1,1
"2496",1,0,1,0,0,1,0,0,1,1
"2497",0,0,0,0,0,0,0,0,0,0
"2498",1,1,0,1,0,0,0,0,1,0
"2499",0,0,0,0,0,0,0,0,0,0
"2500",0,2,0,0,1,0,1,2,1,2
"2501",0,1,0,1,1,1,0,2,1,1
"2502",1,0,0,1,0,0,0,2,3,1
"2503",0,0,0,0,0,0,0,0,0,0
"2504",1,3,0,1,3,0,2,2,1,3
"2505",0,0,0,0,0,0,0,1,0,2
"2506",0,1,1,1,1,0,0,4,1,5
"2507",0,0,0,0,0,0,0,1,0,1
"2508",1,1,0,0,0,0,0,1,1,0
"2509",0,0,0,0,0,0,0,1,0,0
"2510",1,3,0,0,1,1,1,1,3,3
"2511",0,1,0,0,1,1,1,2,1,4
"2512",1,0,0,1,1,1,0,1,1,2
"2513",0,0,0,0,0,0,0,1,0,1
"2514",0,0,0,0,0,0,0,3,0,4
"2515",0,0,0,0,0,0,0,1,0,1
"2516",0,0,0,0,0,0,0,0,0,0
"2517",0,0,0,1,0,1,0,0,2,0
"2518",1,0,0,0,0,0,0,2,0,2
"2519",0,0,0,0,0,0,0,0,0,1
"2520",0,0,0,0,0,0,0,0,0,1
"2521",0,0,0,0,0,0,0,0,0,0
"2522",0,0,0,0,0,0,0,0,0,0
"2523",0,0,0,0,0,0,0,0,1,2
"2524",0,1,0,0,0,0,0,0,0,1
"2525",0,0,0,0,0,0,0,1,0,0
"2526",0,1,0,0,2,0,0,3,0,6
"2527",0,0,1,0,0,1,0,0,2,1
"2528",0,1,0,1,1,0,0,1,0,1
"2529",0,0,0,0,0,0,0,0,0,0
"2530",0,0,0,0,0,0,0,0,0,1
"2531",0,1,0,1,0,1,0,0,1,0
"2532",0,0,0,0,0,0,0,1,0,0
"2533",0,0,0,0,0,0,0,0,0,0
"2534",0,0,0,0,1,0,0,1,0,2
"2535",0,4,0,1,0,0,1,2,0,1
"2536",2,2,2,2,1,2,0,0,3,2
"2537",0,0,0,0,1,0,0,3,0,4
"2538",0,0,0,0,0,1,0,0,0,0
"2539",0,2,0,0,2,0,0,2,0,4
"2540",1,2,2,1,1,2,1,2,3,4
"2541",0,0,0,0,0,0,0,0,0,1
"2542",1,1,1,1,1,2,0,2,3,1
"2543",0,0,0,0,0,0,0,0,0,1
"2544",2,0,1,2,0,2,0,0,3,0
"2545",0,0,0,0,0,0,0,1,0,1
"2546",0,0,0,0,1,0,0,1,0,2
"2547",1,0,0,1,1,0,0,2,2,3
"2548",0,0,0,0,0,0,0,0,0,0
"2549",1,1,1,0,0,2,0,2,2,5
"2550",1,0,1,1,0,0,0,0,1,0
"2551",0,0,0,0,0,0,1,3,1,5
"2552",0,0,0,0,0,0,0,0,0,0
"2553",0,0,0,0,0,0,0,0,0,0
"2554",0,1,0,1,1,0,0,3,0,3
"2555",1,0,1,1,0,1,1,0,1,0
"2556",0,0,0,0,0,0,0,0,1,0
"2557",1,1,1,0,0,0,0,0,1,0
"2558",0,1,0,0,1,0,0,1,0,1
"2559",0,1,0,0,0,0,1,1,0,2
"2560",0,1,0,0,1,0,1,1,0,1
"2561",0,0,0,0,0,0,0,0,0,0
"2562",0,0,0,0,0,0,0,0,0,1
"2563",0,0,0,0,0,0,0,0,0,0
"2564",0,1,0,1,1,0,0,1,2,1
"2565",0,0,0,0,1,0,0,1,0,3
"2566",3,0,1,2,1,1,1,0,4,1
"2567",0,0,0,0,0,0,0,0,0,0
"2568",0,1,0,1,1,0,0,1,0,1
"2569",0,0,0,0,1,1,0,1,1,1
"2570",0,0,0,0,0,0,0,0,0,0
"2571",0,0,0,1,0,1,0,0,1,0
"2572",2,0,0,1,0,0,0,0,2,0
"2573",0,0,0,0,0,0,0,0,0,0
"2574",0,0,0,0,0,0,0,1,0,1
"2575",0,0,0,0,0,0,0,0,0,0
"2576",1,0,1,0,0,1,0,0,1,0
"2577",0,0,0,0,0,0,0,0,0,0
"2578",0,0,0,1,0,1,0,1,1,0
"2579",0,0,0,0,0,0,0,0,0,0
"2580",0,0,0,0,0,0,0,0,0,1
"2581",0,1,0,0,0,0,0,1,0,1
"2582",0,1,1,0,0,1,0,1,1,2
"2583",0,0,0,0,0,0,0,0,0,0
"2584",0,1,0,1,1,1,1,1,1,1
"2585",0,0,0,1,0,1,0,1,1,1
"2586",0,0,0,0,0,1,0,0,1,0
"2587",1,1,0,0,1,0,1,1,0,1
"2588",0,0,0,0,0,0,0,0,0,0
"2589",0,0,0,0,0,0,0,1,0,0
"2590",0,2,1,2,0,2,1,0,2,2
"2591",0,1,0,0,1,1,1,1,0,2
"2592",0,2,0,0,0,0,0,0,0,2
"2593",1,1,1,0,0,1,0,1,1,2
"2594",0,0,0,0,0,0,0,0,0,0
"2595",0,0,0,0,0,0,0,0,0,0
"2596",0,0,0,0,0,0,0,0,0,1
"2597",2,2,2,2,0,2,1,0,2,0
"2598",3,1,0,3,1,1,2,1,2,2
"2599",0,3,0,1,3,0,1,3,0,5
"2600",0,1,1,1,1,2,1,1,3,1
"2601",0,0,0,0,0,0,0,0,0,0
"2602",0,0,0,0,0,0,0,0,0,0
"2603",0,0,0,0,0,0,0,0,0,0
"2604",0,1,0,0,0,1,0,0,1,1
"2605",0,1,0,1,1,0,0,1,0,2
"2606",0,0,0,0,0,0,0,0,0,0
"2607",0,2,0,1,1,0,0,1,1,1
"2608",0,0,0,0,0,0,0,1,0,1
"2609",0,1,0,0,0,0,0,0,0,0
"2610",0,0,0,0,0,0,0,0,0,0
"2611",0,0,0,0,0,0,0,0,0,0
"2612",0,0,0,1,1,0,0,2,0,3
"2613",0,0,0,0,0,1,0,0,1,0
"2614",0,0,0,0,0,0,0,2,0,0
"2615",0,0,0,0,0,0,0,0,0,0
"2616",0,0,0,0,0,0,0,0,0,1
"2617",0,1,0,0,1,0,0,1,0,1
"2618",1,0,1,1,0,2,0,0,3,1
"2619",0,0,0,0,0,0,0,0,0,0
"2620",0,0,0,0,0,0,0,1,0,1
"2621",0,0,0,0,0,0,0,0,1,0
"2622",0,1,0,0,1,0,0,1,0,1
"2623",1,1,1,4,1,4,2,2,5,4
"2624",0,0,0,0,0,0,0,0,0,2
"2625",1,1,1,2,0,1,1,1,2,1
"2626",0,0,0,2,0,1,0,5,1,4
"2627",1,3,1,1,2,1,1,1,2,3
"2628",1,1,0,0,1,0,0,3,1,2
"2629",0,1,0,1,0,1,0,0,1,2
"2630",0,0,0,0,0,0,0,0,1,1
"2631",1,0,0,1,0,1,0,0,2,1
"2632",1,1,1,1,0,1,0,0,1,0
"2633",1,0,1,0,1,0,0,0,1,2
"2634",0,1,0,0,0,0,0,0,0,1
"2635",0,0,0,0,0,0,0,0,0,0
"2636",0,1,0,0,0,0,0,0,0,0
"2637",0,0,0,0,0,0,0,0,0,1
"2638",0,0,0,0,0,0,0,0,0,0
"2639",0,0,0,0,0,0,0,1,0,1
"2640",0,0,0,0,0,0,0,0,0,0
"2641",0,0,0,0,0,0,0,1,0,4
"2642",0,0,0,0,0,0,0,1,0,3
"2643",0,1,0,0,3,0,1,3,0,4
"2644",0,0,0,0,0,0,0,0,0,0
"2645",2,2,3,2,1,3,1,1,5,1
"2646",0,0,1,1,0,0,0,0,1,1
"2647",1,0,0,0,0,1,0,0,4,0
"2648",0,0,0,0,0,0,0,1,0,1
"2649",1,0,0,0,0,0,0,2,0,1
"2650",1,1,0,1,0,1,1,0,1,1
"2651",0,1,0,0,0,0,0,0,0,1
"2652",0,0,0,0,0,0,0,0,0,0
"2653",1,1,1,1,1,1,1,2,1,3
"2654",2,1,1,3,0,2,0,2,2,2
"2655",0,0,0,0,0,0,0,0,0,0
"2656",0,0,0,0,0,0,0,0,0,0
"2657",0,0,0,1,0,0,1,2,3,4
"2658",0,0,0,0,0,0,0,0,0,1
"2659",0,1,0,0,0,0,0,0,0,0
"2660",0,3,0,1,1,0,1,0,0,4
"2661",0,0,0,0,0,0,0,1,0,1
"2662",0,0,0,1,0,1,0,2,1,2
"2663",0,1,1,2,1,0,1,0,2,1
"2664",1,0,0,0,0,0,0,0,1,0
"2665",0,0,0,0,1,0,0,2,0,3
"2666",0,0,0,0,0,0,0,0,0,0
"2667",0,0,0,0,0,0,0,0,0,0
"2668",0,1,0,0,2,0,2,1,0,2
"2669",0,0,0,0,0,0,0,0,0,0
"2670",1,0,1,1,0,0,0,2,1,0
"2671",0,0,0,0,0,0,0,0,0,1
"2672",0,0,0,0,0,0,0,0,0,0
"2673",0,0,0,0,0,0,0,1,0,1
"2674",0,1,0,1,0,0,0,0,0,2
"2675",1,0,0,0,0,0,0,2,1,3
"2676",0,1,0,0,1,0,0,1,0,1
"2677",0,0,0,0,0,0,0,1,0,0
"2678",0,0,0,0,0,0,0,0,0,0
"2679",0,0,1,1,0,0,0,0,2,1
"2680",1,0,0,0,0,0,0,0,2,0
"2681",0,0,0,0,0,0,0,1,0,1
"2682",0,1,0,0,1,1,0,2,1,3
"2683",1,3,1,2,3,1,3,3,4,6
"2684",0,0,0,0,0,0,0,0,0,0
"2685",0,0,0,0,1,0,0,1,0,2
"2686",1,1,1,1,0,1,0,2,1,1
"2687",0,0,0,1,1,0,0,1,0,1
"2688",1,2,0,1,1,1,0,6,2,3
"2689",0,0,0,0,0,0,0,0,0,2
"2690",0,0,0,0,0,0,0,0,0,0
"2691",0,0,0,0,0,0,0,1,0,3
"2692",0,0,0,0,0,0,0,1,0,0
"2693",0,0,0,0,0,0,0,0,0,0
"2694",1,0,0,0,0,0,0,0,1,0
"2695",1,0,0,0,1,0,0,1,1,2
"2696",0,3,0,1,3,2,0,11,5,14
"2697",0,1,0,0,0,1,0,0,0,2
"2698",0,1,0,0,1,0,0,2,0,3
"2699",0,0,0,0,0,0,0,1,0,4
"2700",1,1,0,0,1,0,1,1,0,1
"2701",0,0,0,0,0,0,0,0,0,0
"2702",0,0,0,0,0,0,0,0,0,0
"2703",1,0,0,0,0,0,0,1,0,1
"2704",0,0,0,0,0,0,0,0,0,1
"2705",0,0,0,1,0,1,0,0,1,0
"2706",0,0,0,0,0,0,0,0,0,2
"2707",0,0,0,0,0,0,0,0,0,2
"2708",0,0,0,0,1,0,0,2,0,2
"2709",0,1,0,0,0,0,1,0,0,0
"2710",0,0,2,1,0,0,0,0,1,1
"2711",0,1,0,0,1,0,0,1,0,3
"2712",1,1,1,2,1,2,1,1,2,2
"2713",0,2,0,0,0,0,0,0,2,2
"2714",0,2,0,0,0,0,0,0,0,0
"2715",1,1,0,1,0,1,0,0,2,2
"2716",0,0,0,0,0,1,0,1,1,0
"2717",1,0,0,1,0,2,0,8,5,6
"2718",0,1,1,0,2,0,0,3,0,3
"2719",1,3,0,2,0,1,0,4,2,8
"2720",1,0,0,0,0,0,0,0,1,2
"2721",0,1,0,1,1,0,0,0,1,1
"2722",0,2,0,0,2,0,1,3,0,3
"2723",1,1,0,1,1,2,1,3,3,4
"2724",0,0,0,0,0,0,0,0,0,0
"2725",0,1,0,0,0,0,0,2,0,3
"2726",0,0,0,0,0,0,0,0,0,0
"2727",0,0,0,0,0,0,0,0,0,1
"2728",0,1,0,0,0,0,1,1,0,3
"2729",0,1,0,2,1,0,0,1,1,2
"2730",0,1,0,0,2,0,0,3,0,3
"2731",0,0,0,0,0,0,0,0,0,0
"2732",0,0,0,1,0,1,0,0,1,0
"2733",0,1,0,0,2,0,0,2,1,3
"2734",0,1,1,1,1,1,1,1,1,1
"2735",0,1,0,0,0,0,0,0,0,0
"2736",1,0,1,1,0,1,0,1,2,1
"2737",0,0,0,0,0,0,0,1,0,0
"2738",1,1,0,0,1,0,1,1,0,2
"2739",0,0,0,0,0,0,0,2,1,1
"2740",0,1,0,0,0,0,0,1,0,0
"2741",0,0,0,0,0,0,0,0,0,0
"2742",0,0,0,0,0,0,0,1,0,1
"2743",0,0,0,0,0,0,0,0,0,0
"2744",0,0,0,0,0,0,0,1,1,0
"2745",0,0,0,0,0,0,0,0,0,0
"2746",0,1,1,2,0,1,0,5,3,5
"2747",0,0,0,0,0,1,0,1,1,0
"2748",0,1,0,1,1,1,1,0,0,3
"2749",0,0,0,1,0,0,0,0,1,0
"2750",2,0,0,2,0,0,0,1,2,2
"2751",0,0,0,0,0,0,0,1,1,1
"2752",0,1,0,0,1,0,0,1,0,1
"2753",0,1,0,0,0,0,0,0,0,1
"2754",1,0,1,0,1,2,0,2,2,2
"2755",0,0,0,0,0,0,0,0,0,5
"2756",0,1,1,0,2,0,1,2,0,4
"2757",2,0,3,0,0,2,1,2,4,0
"2758",0,1,1,0,1,0,1,1,0,2
"2759",2,0,1,1,0,1,0,1,2,1
"2760",0,0,0,0,0,0,0,1,0,1
"2761",0,1,0,0,0,0,0,0,0,0
"2762",0,3,0,0,1,1,0,1,0,2
"2763",0,0,0,0,1,0,0,1,0,1
"2764",0,0,0,0,0,0,0,0,0,2
"2765",3,1,1,4,1,2,1,0,2,2
"2766",2,1,1,2,0,2,0,0,2,0
"2767",0,1,0,0,0,1,0,0,0,0
"2768",0,0,0,0,0,0,0,0,0,1
"2769",2,0,2,2,0,2,0,0,3,0
"2770",0,2,0,1,0,0,0,1,1,0
"2771",1,0,1,1,0,1,0,1,1,5
"2772",0,0,0,0,0,0,0,0,0,0
"2773",1,1,0,0,1,0,1,2,1,7
"2774",0,0,0,0,0,0,0,0,0,0
"2775",5,4,5,6,3,5,1,2,12,9
"2776",0,0,0,0,0,0,0,0,0,0
"2777",0,0,0,0,0,0,0,0,0,0
"2778",0,1,0,0,0,0,0,0,0,0
"2779",0,0,0,0,0,0,0,0,2,1
"2780",1,1,1,1,0,1,0,0,1,0
"2781",0,0,0,0,1,0,0,1,0,1
"2782",0,1,0,0,0,0,0,1,0,4
"2783",0,0,0,0,0,0,0,1,0,0
"2784",1,0,0,1,0,1,0,0,2,0
"2785",0,0,0,0,0,0,0,0,0,0
"2786",0,0,0,0,0,0,0,1,1,0
"2787",2,5,1,2,1,0,2,1,1,5
"2788",0,0,0,0,0,0,0,0,0,0
"2789",0,2,1,1,2,0,1,2,2,2
"2790",0,0,0,0,0,0,0,0,1,0
"2791",0,0,0,0,0,0,0,0,0,1
"2792",1,2,0,0,1,0,1,2,0,2
"2793",0,1,0,0,0,0,0,1,0,1
"2794",0,0,0,0,0,0,0,0,0,0
"2795",0,0,0,0,1,0,0,1,0,1
"2796",1,2,1,2,1,3,1,2,2,4
"2797",0,0,0,0,0,0,0,0,2,1
"2798",0,0,0,0,0,0,0,1,0,1
"2799",1,1,1,1,1,1,1,2,1,4
"2800",0,0,0,0,0,0,0,0,0,0
"2801",0,0,0,0,0,0,0,0,0,0
"2802",0,1,0,0,1,0,0,1,0,1
"2803",0,0,1,0,0,1,0,0,3,0
"2804",0,0,0,0,0,0,0,0,0,0
"2805",0,1,0,0,0,0,0,0,0,2
"2806",0,0,0,0,0,0,0,0,0,1
"2807",0,2,0,0,1,0,0,1,0,1
"2808",0,0,0,0,0,0,0,0,0,1
"2809",0,0,0,0,0,0,0,0,0,1
"2810",1,0,0,1,0,0,0,0,2,3
"2811",0,0,0,2,0,1,0,1,2,0
"2812",0,0,0,0,0,0,0,1,0,2
"2813",2,0,1,2,0,0,0,0,2,0
"2814",0,0,0,0,0,0,0,1,1,0
"2815",0,1,0,0,1,0,0,1,0,1
"2816",1,1,0,1,0,1,0,0,3,1
"2817",0,0,0,1,0,1,0,4,2,2
"2818",0,0,0,0,0,0,0,2,0,2
"2819",1,0,0,0,0,0,0,0,1,0
"2820",0,1,0,0,0,0,1,2,0,2
"2821",3,0,3,3,0,4,0,1,6,1
"2822",0,1,0,0,1,1,1,1,0,1
"2823",1,0,0,2,0,0,0,1,2,5
"2824",1,0,1,1,1,1,0,1,2,2
"2825",0,2,0,0,1,1,1,2,0,1
"2826",1,0,0,0,0,0,0,0,1,0
"2827",1,2,0,2,1,2,1,3,3,1
"2828",1,0,0,0,0,0,0,1,2,0
"2829",0,1,0,0,1,0,1,1,0,1
"2830",1,1,0,2,0,0,0,1,2,1
"2831",1,0,0,1,0,0,0,0,1,0
"2832",0,0,0,0,0,0,0,0,0,0
"2833",0,0,0,0,1,0,0,1,0,1
"2834",0,0,0,0,0,0,0,0,1,0
"2835",1,2,0,0,0,0,0,0,1,0
"2836",0,0,0,0,0,0,0,2,0,2
"2837",0,1,0,0,0,0,0,0,0,2
"2838",0,2,1,0,1,2,1,1,3,4
"2839",0,2,0,0,0,0,0,0,0,0
"2840",0,1,0,0,1,0,0,0,0,1
"2841",1,1,0,1,0,1,1,0,3,1
"2842",1,0,0,1,1,0,0,1,1,2
"2843",1,1,0,0,1,1,0,1,1,1
"2844",0,0,0,0,0,0,0,0,0,0
"2845",1,0,1,1,0,0,0,1,1,1
"2846",0,0,0,0,0,0,0,0,0,0
"2847",0,0,0,0,0,0,0,1,0,0
"2848",0,0,0,0,0,0,0,0,1,0
"2849",1,0,1,2,0,2,0,0,2,2
"2850",0,0,1,1,1,1,0,2,2,1
"2851",0,0,0,0,0,0,0,0,0,0
"2852",0,3,0,1,3,0,1,3,0,3
"2853",1,1,0,0,1,2,1,0,1,4
"2854",0,0,0,0,0,0,0,0,0,0
"2855",0,0,0,1,0,0,0,1,0,1
"2856",0,0,0,0,0,0,0,0,0,0
"2857",0,0,0,0,0,0,0,0,0,0
"2858",2,0,0,1,1,1,0,1,2,2
"2859",0,0,0,0,0,0,0,0,0,2
"2860",0,0,0,0,0,0,0,0,2,0
"2861",0,0,0,0,0,0,0,0,0,0
"2862",1,0,0,1,0,0,0,0,2,0
"2863",0,1,0,2,1,1,1,1,3,1
"2864",0,1,0,0,0,0,0,0,0,0
"2865",1,1,1,1,0,2,0,1,1,1
"2866",0,0,0,0,0,0,0,1,0,1
"2867",0,1,0,1,1,0,0,1,0,1
"2868",1,0,0,0,0,0,0,2,0,3
"2869",0,1,0,0,2,0,0,2,0,2
"2870",1,0,1,3,0,1,0,0,4,0
"2871",0,1,0,0,1,0,0,1,0,2
"2872",0,0,0,0,0,1,0,0,1,0
"2873",2,0,1,1,0,0,0,0,2,3
"2874",0,0,0,1,0,1,0,0,2,0
"2875",1,1,1,1,1,0,2,1,1,2
"2876",0,1,0,0,1,1,0,1,1,2
"2877",0,0,0,0,0,0,0,0,0,1
"2878",1,1,1,2,1,1,0,1,2,1
"2879",0,1,0,0,0,0,0,0,0,3
"2880",0,0,0,0,0,0,0,0,0,1
"2881",0,0,0,0,0,0,0,0,0,0
"2882",0,0,0,0,1,0,0,1,0,1
"2883",0,0,0,0,0,0,0,1,0,2
"2884",0,1,0,1,0,1,0,0,1,0
"2885",0,1,0,0,1,1,0,1,1,2
"2886",1,0,1,1,0,1,0,0,2,0
"2887",0,1,0,0,1,0,0,0,0,2
"2888",0,0,0,0,0,0,0,0,0,0
"2889",0,1,0,0,0,0,0,0,0,1
"2890",0,0,0,0,0,0,0,0,0,0
"2891",0,0,0,0,0,0,0,0,0,0
"2892",0,0,0,0,0,0,0,0,0,0
"2893",0,1,0,1,0,2,1,0,1,0
"2894",0,0,0,0,0,0,0,0,0,0
"2895",0,0,0,0,0,0,0,0,0,0
"2896",0,1,1,0,0,1,0,0,3,0
"2897",0,1,0,0,1,1,1,0,0,2
"2898",0,0,0,0,0,1,0,0,2,1
"2899",0,0,0,1,0,1,0,1,1,1
"2900",1,1,1,1,1,1,0,3,1,1
"2901",0,2,0,2,2,1,2,2,1,2
"2902",0,0,0,0,2,0,2,2,0,2
"2903",0,0,0,0,0,0,0,1,0,1
"2904",0,3,0,0,4,0,2,4,0,5
"2905",1,1,1,1,1,1,1,1,1,1
"2906",0,1,0,0,0,0,1,1,0,2
"2907",0,0,0,0,1,0,0,2,0,4
"2908",0,1,0,0,1,0,0,1,0,1
"2909",0,0,0,0,0,0,0,0,1,0
"2910",0,0,0,1,0,1,0,1,1,0
"2911",0,0,0,0,0,0,0,0,0,0
"2912",0,1,0,0,0,0,0,0,0,0
"2913",0,1,0,0,0,0,0,1,0,1
"2914",0,1,0,1,0,0,0,0,1,1
"2915",1,3,2,1,2,1,1,4,5,5
"2916",0,1,0,0,0,0,1,1,0,0
"2917",0,0,0,0,0,0,1,0,1,0
"2918",0,0,0,0,0,0,0,3,0,3
"2919",1,1,0,0,0,0,0,2,1,1
"2920",0,0,0,0,0,0,0,0,0,0
"2921",2,1,0,1,2,1,1,2,2,5
"2922",0,0,0,0,1,1,0,0,1,1
"2923",0,1,0,1,1,0,0,1,0,1
"2924",0,1,0,0,1,1,0,2,1,1
"2925",0,0,0,0,0,0,0,0,0,0
"2926",0,1,1,0,2,0,1,2,0,4
"2927",1,0,1,1,0,1,0,1,1,1
"2928",0,0,0,0,0,0,0,1,1,1
"2929",0,1,0,0,1,0,0,0,2,2
"2930",0,1,0,0,1,0,1,2,1,1
"2931",0,1,0,0,0,0,0,1,1,2
"2932",0,0,0,0,0,0,0,0,0,0
"2933",3,0,0,3,0,2,0,0,5,0
"2934",0,1,0,0,1,0,0,1,0,2
"2935",1,0,0,1,0,0,0,0,2,0
"2936",0,0,0,0,0,0,0,1,0,0
"2937",1,0,0,0,1,0,0,3,0,4
"2938",0,1,0,0,1,0,1,2,0,2
"2939",0,0,0,0,0,0,0,0,0,0
"2940",2,0,2,3,0,2,0,2,3,4
"2941",0,0,0,0,0,0,0,2,0,4
"2942",0,0,0,0,0,0,0,0,0,1
"2943",1,0,0,0,1,0,0,2,1,5
"2944",0,1,0,0,0,0,0,0,0,0
"2945",0,2,0,0,1,0,1,1,1,1
"2946",1,1,0,2,0,0,0,0,2,0
"2947",0,0,0,0,0,0,0,0,1,0
"2948",1,0,0,2,0,2,0,1,2,2
"2949",0,0,0,0,1,0,0,2,1,3
"2950",2,0,0,1,0,1,1,3,3,1
"2951",0,0,0,0,0,0,0,0,0,0
"2952",0,0,0,0,0,0,0,1,0,3
"2953",0,1,0,0,1,0,0,2,0,3
"2954",0,2,0,0,1,0,0,3,0,5
"2955",0,0,0,0,0,0,0,0,0,0
"2956",1,0,0,0,0,0,0,0,1,0
"2957",0,1,0,0,0,0,0,1,0,1
"2958",0,0,0,0,0,0,0,0,0,1
"2959",0,0,0,0,0,0,0,3,0,3
"2960",0,0,0,0,0,0,1,0,0,0
"2961",0,0,0,0,0,0,0,0,0,0
"2962",0,0,0,0,0,0,0,1,0,4
"2963",0,0,0,0,0,0,0,1,0,0
"2964",0,0,0,0,0,0,0,0,0,0
"2965",0,0,0,0,1,0,0,1,0,1
"2966",0,0,0,0,0,1,0,0,1,0
"2967",0,0,0,1,0,1,0,0,1,1
"2968",1,0,0,0,0,1,0,0,2,1
"2969",0,0,0,0,0,0,0,1,0,0
"2970",0,2,0,1,0,0,0,1,1,0
"2971",0,0,0,0,0,0,0,0,0,1
"2972",0,0,0,0,0,0,0,1,0,0
"2973",1,0,1,3,2,1,0,2,3,4
"2974",0,0,0,0,0,0,0,2,1,2
"2975",0,0,0,0,0,0,0,0,0,2
"2976",2,1,1,1,2,1,0,3,1,4
"2977",0,0,0,0,0,0,0,0,0,0
"2978",0,0,0,0,0,0,0,0,0,0
"2979",1,1,0,0,1,0,1,1,1,2
"2980",0,1,0,0,2,0,0,3,0,3
"2981",0,0,0,0,0,0,0,0,0,0
"2982",0,1,0,0,1,0,0,3,0,5
"2983",0,1,0,0,1,1,1,0,0,1
"2984",0,0,0,0,0,0,0,0,0,0
"2985",0,3,1,2,1,1,0,3,1,4
"2986",0,0,0,0,0,0,0,0,0,0
"2987",0,0,0,0,0,0,0,1,0,1
"2988",1,0,0,0,0,0,0,0,1,0
"2989",0,0,0,0,0,0,0,1,0,1
"2990",1,0,0,0,1,0,1,1,1,2
"2991",0,0,0,0,0,0,0,0,0,0
"2992",0,1,0,0,0,0,0,0,0,0
"2993",2,1,1,2,0,2,1,3,4,3
"2994",0,0,0,1,0,0,0,0,2,0
"2995",0,0,0,0,0,0,0,0,0,0
"2996",2,0,2,3,1,1,0,1,4,1
"2997",0,0,0,0,0,0,0,0,0,0
"2998",0,1,0,0,0,0,0,2,1,3
"2999",1,1,1,2,0,2,0,0,2,1
"3000",0,0,0,2,1,0,0,2,1,2
